pore_id,pore_volume_m3,pore_radius_m,pore_shape_factor,pore_clay_volume
1,1.274423e-12,4.525547e-05,0.02447105,0.0
2,7.922696e-13,4.414367e-05,0.01844283,0.0
3,4.106122e-13,3.951927e-05,0.02963257,0.0
4,8.195999e-13,3.915735e-05,0.0327164,0.0
5,4.240248e-13,3.922317e-05,0.03632309,0.0
6,5.982579e-13,3.800744e-05,0.02834759,0.0
7,5.509513e-13,3.706585e-05,0.03408694,0.0
8,9.858863e-13,3.642808e-05,0.03616365,0.0
9,6.028239e-13,3.73223e-05,0.03581819,0.0
10,6.075875e-13,3.72564e-05,0.03182254,0.0
11,7.165572e-13,3.783617e-05,0.05423242,0.0
12,4.867197e-13,3.626392e-05,0.02421401,0.0
13,7.014981e-13,3.699127e-05,0.02800101,0.0
14,4.246834e-13,3.667842e-05,0.0322855,0.0
15,7.499681e-13,3.594829e-05,0.03089188,0.0
16,8.303344e-13,3.546106e-05,0.02322105,0.0
17,7.641491e-13,3.643484e-05,0.02875093,0.0
18,2.81732e-13,3.544885e-05,0.03476225,0.0
19,7.941575e-13,3.566817e-05,0.03443188,0.0
20,5.273309e-13,3.575983e-05,0.02801942,0.0
21,4.778292e-13,3.539855e-05,0.0269367,0.0
22,6.382764e-13,3.541545e-05,0.02925176,0.0
23,6.80973e-13,3.455688e-05,0.03503402,0.0
24,2.08544e-13,3.480382e-05,0.02095792,0.0
25,8.168998e-13,3.500156e-05,0.02765814,0.0
26,8.428031e-13,3.492565e-05,0.02663761,0.0
27,5.411168e-13,3.402671e-05,0.03665592,0.0
28,4.339691e-13,3.382307e-05,0.03047234,0.0
29,6.475181e-13,3.39333e-05,0.02853581,0.0
30,2.306058e-13,3.429059e-05,0.02871045,0.0
31,7.071837e-13,3.359825e-05,0.02829998,0.0
32,3.620104e-13,3.326704e-05,0.03582816,0.0
33,4.301275e-13,3.359924e-05,0.02590084,0.0
34,6.980516e-13,3.288444e-05,0.02187295,0.0
35,3.093256e-13,3.262795e-05,0.02935763,0.0
36,1.606886e-13,3.260971e-05,0.02589984,0.0
37,5.466926e-13,3.269546e-05,0.03009732,0.0
38,4.656239e-13,3.283577e-05,0.03573896,0.0
39,3.193138e-13,3.21816e-05,0.0334785,0.0
40,5.51083e-13,3.266647e-05,0.02174019,0.0
41,3.239237e-13,3.187163e-05,0.03249163,0.0
42,9.590609e-13,3.208069e-05,0.03865108,0.0
43,6.372227e-13,3.174995e-05,0.03234214,0.0
44,4.554381e-13,3.119068e-05,0.02491587,0.0
45,2.854419e-13,3.230569e-05,0.03588816,0.0
46,5.0854e-13,3.190424e-05,0.03609418,0.0
47,5.265846e-13,3.08785e-05,0.03206726,0.0
48,3.933579e-13,3.117844e-05,0.04189555,0.0
49,4.757657e-13,3.102956e-05,0.03938845,0.0
50,5.074205e-13,3.37083e-05,0.03134121,0.0
51,2.953642e-13,3.138805e-05,0.03220762,0.0
52,3.189845e-13,3.175881e-05,0.03973639,0.0
53,4.215443e-13,3.082199e-05,0.0305259,0.0
54,4.153099e-13,3.046226e-05,0.03036043,0.0
55,3.426268e-13,3.122518e-05,0.03089087,0.0
56,3.046279e-13,3.000659e-05,0.035001,0.0
57,2.219567e-13,3.008425e-05,0.03129999,0.0
58,2.815783e-13,2.996517e-05,0.02564629,0.0
59,3.238359e-13,2.977692e-05,0.03893769,0.0
60,2.71195e-13,2.952391e-05,0.02600522,0.0
61,1.314047e-13,3.013158e-05,0.04211322,0.0
62,5.291969e-13,3.015142e-05,0.03535135,0.0
63,1.775697e-13,2.95134e-05,0.03610599,0.0
64,4.09778e-13,2.906462e-05,0.03445365,0.0
65,2.293106e-13,2.972834e-05,0.0383434,0.0
66,4.437377e-13,2.943357e-05,0.02556484,0.0
67,3.481368e-13,2.929754e-05,0.04123775,0.0
68,2.942666e-13,2.880607e-05,0.02376335,0.0
69,2.494845e-13,2.978751e-05,0.02850403,0.0
70,3.149453e-13,2.947468e-05,0.03080005,0.0
71,2.794929e-13,2.851854e-05,0.03591919,0.0
72,5.846696e-13,2.826218e-05,0.03654586,0.0
73,1.899068e-13,2.884651e-05,0.03478471,0.0
74,8.758848e-14,2.794997e-05,0.04408501,0.0
75,2.632703e-13,2.801697e-05,0.03076003,0.0
76,2.612288e-13,2.806425e-05,0.03344012,0.0
77,2.78066e-13,2.781651e-05,0.02431436,0.0
78,2.921811e-13,2.822427e-05,0.03794299,0.0
79,4.297104e-13,2.784061e-05,0.02696033,0.0
80,3.29741e-13,2.787986e-05,0.04325398,0.0
81,1.320632e-13,2.694253e-05,0.02302832,0.0
82,2.426135e-13,2.845064e-05,0.03243699,0.0
83,4.01985e-13,2.836557e-05,0.03250518,0.0
84,2.082147e-13,2.778833e-05,0.02665367,0.0
85,1.154017e-13,2.804256e-05,0.04000743,0.0
86,3.286214e-13,2.737393e-05,0.02936573,0.0
87,3.214651e-13,2.8564e-05,0.02882199,0.0
88,5.236869e-13,2.871253e-05,0.02909722,0.0
89,2.10388e-13,2.736524e-05,0.03178846,0.0
90,2.605263e-13,2.653458e-05,0.03937779,0.0
91,1.200116e-13,2.84055e-05,0.03299714,0.0
92,2.527773e-13,2.767582e-05,0.03013654,0.0
93,1.10682e-13,2.744189e-05,0.0507874,0.0
94,2.59758e-13,2.602801e-05,0.04055304,0.0
95,4.581821e-13,2.65595e-05,0.02267003,0.0
96,1.283753e-13,2.626324e-05,0.03423525,0.0
97,1.372439e-13,2.686251e-05,0.02472763,0.0
98,2.56575e-13,2.670736e-05,0.02944711,0.0
99,1.86131e-13,2.590711e-05,0.03251816,0.0
100,8.526157e-14,2.558365e-05,0.02463974,0.0
101,3.771354e-13,2.655689e-05,0.03325928,0.0
102,1.685694e-13,2.619939e-05,0.02803644,0.0
103,2.65707e-13,2.583865e-05,0.02782648,0.0
104,2.292886e-13,2.682676e-05,0.03314299,0.0
105,2.759366e-13,2.640691e-05,0.02850308,0.0
106,2.003998e-13,2.640215e-05,0.02807552,0.0
107,2.89042e-13,2.643574e-05,0.05389168,0.0
108,1.580105e-13,2.641142e-05,0.02824149,0.0
109,2.839272e-13,2.628053e-05,0.03071711,0.0
110,1.755721e-13,2.586543e-05,0.04829895,0.0
111,1.464198e-13,2.591549e-05,0.02736559,0.0
112,1.713573e-13,2.601321e-05,0.02866108,0.0
113,2.790319e-13,2.495438e-05,0.03308688,0.0
114,1.924093e-13,2.585083e-05,0.03476824,0.0
115,1.498004e-13,2.514497e-05,0.03900204,0.0
116,2.232079e-13,2.523919e-05,0.03626901,0.0
117,2.485186e-13,2.458946e-05,0.03140123,0.0
118,1.712476e-13,2.554864e-05,0.03088271,0.0
119,3.554029e-14,2.456961e-05,0.03770683,0.0
120,2.285642e-13,2.4541e-05,0.04192148,0.0
121,5.752083e-13,2.453849e-05,0.04149537,0.0
122,5.185282e-13,2.514849e-05,0.03101172,0.0
123,1.917946e-13,2.448296e-05,0.03330916,0.0
124,1.61457e-13,2.432265e-05,0.03032871,0.0
125,1.320413e-13,2.526733e-05,0.03569588,0.0
126,2.001364e-13,2.764255e-05,0.03117211,0.0
127,2.114856e-13,2.453313e-05,0.03231567,0.0
128,2.684291e-13,2.418863e-05,0.02422055,0.0
129,2.045268e-13,2.565233e-05,0.02905297,0.0
130,2.818417e-13,2.444936e-05,0.02707365,0.0
131,1.48176e-13,2.505182e-05,0.0308502,0.0
132,2.461917e-13,2.45206e-05,0.03558443,0.0
133,1.7746e-13,2.483522e-05,0.03123419,0.0
134,1.263777e-13,2.455949e-05,0.03933966,0.0
135,2.837296e-13,2.45016e-05,0.02113827,0.0
136,2.220006e-13,2.450282e-05,0.03824224,0.0
137,2.461039e-13,2.375881e-05,0.04394013,0.0
138,1.779649e-13,2.376477e-05,0.02952718,0.0
139,2.038463e-13,2.364282e-05,0.04006324,0.0
140,2.048341e-13,2.350581e-05,0.04223995,0.0
141,1.681962e-13,2.400477e-05,0.03257509,0.0
142,2.139661e-13,2.320291e-05,0.02612702,0.0
143,1.383196e-13,2.388234e-05,0.02727239,0.0
144,1.553543e-13,2.639213e-05,0.037253,0.0
145,1.713134e-13,2.326906e-05,0.03147463,0.0
146,2.871761e-13,2.378502e-05,0.03377205,0.0
147,2.530846e-13,2.380333e-05,0.02590262,0.0
148,2.136369e-13,2.39342e-05,0.02857419,0.0
149,1.951752e-13,2.353455e-05,0.02902189,0.0
150,7.369286e-14,2.392987e-05,0.04372528,0.0
151,2.106733e-13,2.41715e-05,0.04442769,0.0
152,1.128552e-13,2.324998e-05,0.04955285,0.0
153,1.718622e-13,2.365336e-05,0.02562905,0.0
154,6.126803e-14,2.373407e-05,0.03279161,0.0
155,1.617643e-13,2.34373e-05,0.03025958,0.0
156,2.336132e-13,2.281562e-05,0.03326578,0.0
157,2.16798e-13,2.278602e-05,0.02363596,0.0
158,1.961411e-13,2.585577e-05,0.03531142,0.0
159,1.970631e-13,2.286573e-05,0.02017994,0.0
160,2.92247e-13,2.329907e-05,0.02530568,0.0
161,1.831675e-13,2.287971e-05,0.02389053,0.0
162,1.060721e-13,2.273674e-05,0.03309891,0.0
163,2.594068e-13,2.302524e-05,0.03178875,0.0
164,1.590203e-13,2.337891e-05,0.02566806,0.0
165,1.854066e-13,2.282212e-05,0.02904471,0.0
166,1.778332e-13,2.2198e-05,0.04672824,0.0
167,2.613386e-13,2.217878e-05,0.04760239,0.0
168,1.548055e-13,2.169311e-05,0.02954432,0.0
169,2.050756e-13,2.190636e-05,0.0258837,0.0
170,1.0976e-13,2.278817e-05,0.03297811,0.0
171,1.32151e-13,2.249271e-05,0.03888246,0.0
172,3.268872e-13,2.301462e-05,0.03337546,0.0
173,1.280241e-13,2.245136e-05,0.03082021,0.0
174,1.691841e-13,2.268885e-05,0.03239871,0.0
175,1.105064e-13,2.257319e-05,0.03664513,0.0
176,3.773549e-13,2.247916e-05,0.02738144,0.0
177,1.438954e-13,2.340573e-05,0.03101929,0.0
178,1.72411e-13,2.446504e-05,0.0322557,0.0
179,1.206921e-13,2.300879e-05,0.03357825,0.0
180,3.007204e-13,2.213468e-05,0.02571456,0.0
181,1.841334e-13,2.282308e-05,0.03440214,0.0
182,2.930812e-13,2.163645e-05,0.02165192,0.0
183,7.151962e-14,2.17504e-05,0.04217746,0.0
184,1.00145e-13,2.117452e-05,0.03664613,0.0
185,1.654303e-13,2.212432e-05,0.02933489,0.0
186,1.147212e-13,2.148125e-05,0.03605721,0.0
187,1.209775e-13,2.220539e-05,0.02557538,0.0
188,1.283533e-13,2.122793e-05,0.02906357,0.0
189,1.924532e-13,2.256231e-05,0.02166206,0.0
190,1.672523e-13,2.259934e-05,0.03641545,0.0
191,1.011109e-13,2.102726e-05,0.03285607,0.0
192,1.064013e-13,2.21125e-05,0.03608105,0.0
193,1.447076e-13,2.139543e-05,0.02951858,0.0
194,1.506346e-13,2.140982e-05,0.02964451,0.0
195,2.148881e-13,2.387379e-05,0.0270464,0.0
196,2.18598e-13,2.142528e-05,0.04990689,0.0
197,1.626643e-13,2.103786e-05,0.02481204,0.0
198,1.049964e-13,2.061766e-05,0.03282271,0.0
199,1.552006e-13,2.073857e-05,0.035381,0.0
200,3.51232e-14,2.078e-05,0.024198,0.0
201,6.552672e-14,2.177522e-05,0.02185933,0.0
202,5.637274e-14,2.155857e-05,0.02200576,0.0
203,1.794137e-13,2.132033e-05,0.02591767,0.0
204,2.178736e-13,2.151914e-05,0.03866806,0.0
205,7.896134e-14,2.145281e-05,0.02908331,0.0
206,1.437197e-13,2.141632e-05,0.0214175,0.0
207,1.091234e-13,2.100553e-05,0.02700787,0.0
208,1.828163e-13,2.051848e-05,0.02761345,0.0
209,1.620058e-13,2.134519e-05,0.03425876,0.0
210,5.369459e-14,2.055042e-05,0.02862338,0.0
211,1.244239e-13,2.013522e-05,0.02212651,0.0
212,1.126796e-13,2.022706e-05,0.03294465,0.0
213,1.226678e-13,2.321772e-05,0.0309058,0.0
214,1.016817e-13,2.044119e-05,0.03314011,0.0
215,1.904556e-13,2.136524e-05,0.02176325,0.0
216,1.35378e-13,2.128382e-05,0.04229756,0.0
217,5.329946e-14,2.119476e-05,0.04070813,0.0
218,2.216054e-13,2.120323e-05,0.03327549,0.0
219,9.511802e-14,2.126993e-05,0.02699021,0.0
220,8.440544e-14,2.101273e-05,0.03542733,0.0
221,1.017036e-13,1.987256e-05,0.02956631,0.0
222,2.345352e-13,2.064149e-05,0.04127069,0.0
223,1.843968e-13,2.067094e-05,0.0364942,0.0
224,1.25324e-13,1.927265e-05,0.03539936,0.0
225,8.581037e-14,2.080175e-05,0.03775374,0.0
226,2.187517e-13,1.980304e-05,0.04359463,0.0
227,7.292454e-14,2.017736e-05,0.02919886,0.0
228,1.541908e-13,1.98107e-05,0.02709685,0.0
229,3.147917e-14,2.029927e-05,0.03222843,0.0
230,8.624941e-14,1.993146e-05,0.04134754,0.0
231,1.141724e-13,2.232916e-05,0.02622189,0.0
232,1.369805e-13,2.050103e-05,0.03094411,0.0
233,1.082014e-13,2.064443e-05,0.0325968,0.0
234,1.168285e-13,2.082192e-05,0.02804064,0.0
235,9.265939e-14,1.979875e-05,0.03804346,0.0
236,1.510517e-13,1.949004e-05,0.02113306,0.0
237,2.311985e-13,1.993966e-05,0.03140557,0.0
238,8.34176e-14,1.973418e-05,0.0245424,0.0
239,8.480058e-14,1.912641e-05,0.03420368,0.0
240,9.21545e-14,2.032086e-05,0.03472455,0.0
241,8.124435e-14,1.934869e-05,0.02639802,0.0
242,3.547443e-14,1.980246e-05,0.05229374,0.0
243,4.783341e-14,1.987341e-05,0.05363333,0.0
244,1.122406e-13,1.976251e-05,0.03427273,0.0
245,1.552226e-13,1.994848e-05,0.03393488,0.0
246,1.116259e-13,1.886168e-05,0.02306846,0.0
247,1.111649e-13,1.941439e-05,0.03442059,0.0
248,1.137772e-13,1.972359e-05,0.03326453,0.0
249,2.313302e-13,1.969805e-05,0.04562075,0.0
250,9.257158e-14,1.969191e-05,0.02886662,0.0
251,6.438522e-14,1.889034e-05,0.03046431,0.0
252,3.156698e-14,1.939171e-05,0.02465028,0.0
253,7.608563e-14,1.905854e-05,0.02752698,0.0
254,1.242703e-13,1.863029e-05,0.03838235,0.0
255,8.600794e-14,1.919281e-05,0.0229179,0.0
256,1.01967e-13,1.867925e-05,0.0317324,0.0
257,5.455072e-14,1.917035e-05,0.04437475,0.0
258,9.369114e-14,1.908317e-05,0.03998328,0.0
259,5.169696e-14,1.894353e-05,0.02997728,0.0
260,4.680166e-14,1.939293e-05,0.03418709,0.0
261,4.855782e-14,1.836265e-05,0.03472749,0.0
262,1.100234e-13,1.849594e-05,0.0326994,0.0
263,9.805958e-14,1.889177e-05,0.02280667,0.0
264,4.368448e-14,1.831257e-05,0.03345268,0.0
265,1.533347e-13,2.045778e-05,0.03333082,0.0
266,7.760032e-14,1.876306e-05,0.02451587,0.0
267,9.184717e-14,1.908066e-05,0.02769803,0.0
268,8.161754e-14,1.819814e-05,0.02664015,0.0
269,1.226019e-13,1.845106e-05,0.0272228,0.0
270,9.66327e-14,2.010859e-05,0.03266443,0.0
271,1.031085e-13,1.748061e-05,0.03566656,0.0
272,5.573613e-14,1.847821e-05,0.03432199,0.0
273,5.852403e-14,1.865578e-05,0.02462733,0.0
274,1.035256e-13,1.851726e-05,0.02815409,0.0
275,8.508595e-14,1.872888e-05,0.02839808,0.0
276,4.153318e-14,1.803585e-05,0.04309457,0.0
277,9.961818e-14,1.785864e-05,0.04973862,0.0
278,9.696198e-14,1.806781e-05,0.03425958,0.0
279,6.089485e-14,1.828073e-05,0.02314042,0.0
280,8.688602e-14,1.857079e-05,0.03235145,0.0
281,1.249069e-13,1.847451e-05,0.01975345,0.0
282,3.325728e-14,1.681806e-05,0.02281917,0.0
283,5.505562e-14,1.805522e-05,0.02055639,0.0
284,1.12065e-13,1.824181e-05,0.03012098,0.0
285,1.264874e-13,1.827153e-05,0.0334871,0.0
286,5.578003e-14,1.831039e-05,0.02963236,0.0
287,1.558812e-13,1.777345e-05,0.05522394,0.0
288,1.176847e-13,1.837968e-05,0.03873944,0.0
289,9.724736e-14,1.814993e-05,0.02585442,0.0
290,7.713933e-14,1.66516e-05,0.03690655,0.0
291,4.750413e-14,1.722791e-05,0.03953329,0.0
292,1.122406e-13,1.783986e-05,0.04285825,0.0
293,5.119206e-14,1.711935e-05,0.02953228,0.0
294,7.90272e-14,1.784938e-05,0.0300673,0.0
295,1.003645e-13,1.833718e-05,0.02508263,0.0
296,8.032237e-14,1.700241e-05,0.03197686,0.0
297,1.384732e-13,1.695477e-05,0.02852583,0.0
298,1.027573e-13,1.679697e-05,0.06434115,0.0
299,8.515181e-14,1.715134e-05,0.02823874,0.0
300,5.81728e-14,1.684298e-05,0.03780414,0.0
301,4.945786e-14,1.751906e-05,0.02576801,0.0
302,4.478208e-14,1.711746e-05,0.02652852,0.0
303,5.705325e-14,1.707977e-05,0.04447116,0.0
304,9.902547e-14,1.780389e-05,0.03546346,0.0
305,5.613126e-14,1.792687e-05,0.0315283,0.0
306,5.700934e-14,1.757856e-05,0.03196851,0.0
307,1.789308e-13,2.031761e-05,0.02862225,0.0
308,7.255136e-14,1.710201e-05,0.03986078,0.0
309,6.849024e-14,1.789639e-05,0.03451318,0.0
310,5.685568e-14,1.811015e-05,0.03732429,0.0
311,9.140813e-14,1.721971e-05,0.02931268,0.0
312,9.645709e-14,1.910404e-05,0.03721099,0.0
313,7.619539e-14,1.672987e-05,0.03107283,0.0
314,2.425696e-14,1.62183e-05,0.04097784,0.0
315,3.56281e-14,1.637448e-05,0.02454441,0.0
316,1.157309e-13,1.778706e-05,0.03166507,0.0
317,5.334336e-14,1.630991e-05,0.03328473,0.0
318,4.72407e-14,1.696203e-05,0.03002372,0.0
319,5.779962e-14,1.68407e-05,0.03034923,0.0
320,4.601139e-14,1.691948e-05,0.04298115,0.0
321,7.316602e-14,1.643282e-05,0.03218806,0.0
322,4.877734e-14,1.625527e-05,0.03166046,0.0
323,1.201213e-13,1.715077e-05,0.02265211,0.0
324,3.918432e-14,1.66191e-05,0.02853586,0.0
325,3.475002e-14,1.638705e-05,0.03267066,0.0
326,6.052166e-14,1.656737e-05,0.03330668,0.0
327,9.116666e-14,1.640939e-05,0.05162916,0.0
328,5.720691e-14,1.69076e-05,0.02762233,0.0
329,4.895296e-14,1.735796e-05,0.03254099,0.0
330,8.881779e-14,1.8157e-05,0.03608942,0.0
331,1.670108e-13,1.684707e-05,0.03586497,0.0
332,8.104678e-14,1.654287e-05,0.0228508,0.0
333,4.137952e-14,1.636602e-05,0.03277366,0.0
334,4.012826e-14,1.67003e-05,0.04268546,0.0
335,6.236563e-14,1.612979e-05,0.04131311,0.0
336,1.087722e-13,1.66105e-05,0.02310128,0.0
337,5.286042e-14,1.626371e-05,0.02281987,0.0
338,4.875539e-14,1.64166e-05,0.03615247,0.0
339,1.187603e-13,1.619174e-05,0.0416324,0.0
340,6.486816e-14,1.697768e-05,0.0325471,0.0
341,7.296845e-14,1.650474e-05,0.03285765,0.0
342,1.025158e-13,1.627773e-05,0.02347954,0.0
343,6.598771e-14,1.635369e-05,0.02820005,0.0
344,9.535949e-14,1.607261e-05,0.02913289,0.0
345,2.763757e-14,1.609902e-05,0.03385289,0.0
346,5.134573e-14,1.54567e-05,0.04562527,0.0
347,7.285869e-14,1.624826e-05,0.02492636,0.0
348,2.658387e-14,1.539633e-05,0.02879285,0.0
349,4.063315e-14,1.594091e-05,0.03141261,0.0
350,6.939027e-14,1.668737e-05,0.03222149,0.0
351,3.433293e-14,1.617842e-05,0.03542989,0.0
352,5.474829e-14,1.586152e-05,0.04662366,0.0
353,9.59961e-14,1.591253e-05,0.02479589,0.0
354,4.82505e-14,1.672796e-05,0.01804819,0.0
355,5.905088e-14,1.539289e-05,0.04318309,0.0
356,7.088301e-14,1.484709e-05,0.02851044,0.0
357,6.462669e-14,1.546336e-05,0.02846669,0.0
358,5.940211e-14,1.561574e-05,0.03282037,0.0
359,5.775571e-14,1.578683e-05,0.04950491,0.0
360,3.944774e-14,1.525718e-05,0.03092302,0.0
361,5.246528e-14,1.504521e-05,0.04548194,0.0
362,4.407962e-14,1.521925e-05,0.02512019,0.0
363,8.56567e-14,1.525617e-05,0.03739434,0.0
364,3.51671e-14,1.506774e-05,0.03235161,0.0
365,9.744493e-14,1.60221e-05,0.03452415,0.0
366,7.026835e-14,1.514425e-05,0.02365482,0.0
367,5.277261e-14,1.508374e-05,0.0170783,0.0
368,7.871987e-14,1.714898e-05,0.03562577,0.0
369,8.034432e-14,1.572139e-05,0.03390725,0.0
370,3.832819e-14,1.572209e-05,0.04470631,0.0
371,6.686579e-14,1.537255e-05,0.04524963,0.0
372,3.000838e-14,1.528869e-05,0.03185945,0.0
373,4.377229e-14,1.466875e-05,0.03102836,0.0
374,7.061958e-14,1.809309e-05,0.02709511,0.0
375,4.370643e-14,1.547406e-05,0.02288408,0.0
376,5.472634e-14,1.556058e-05,0.03538916,0.0
377,4.087462e-14,1.524794e-05,0.04115489,0.0
378,4.838221e-14,1.574359e-05,0.02737611,0.0
379,4.873344e-14,1.572829e-05,0.03041347,0.0
380,7.909306e-14,1.546053e-05,0.03642551,0.0
381,7.143181e-14,1.479959e-05,0.04459798,0.0
382,8.306637e-14,1.43631e-05,0.03763224,0.0
383,8.339565e-14,1.549201e-05,0.03913324,0.0
384,1.006719e-13,1.555702e-05,0.01853676,0.0
385,5.722886e-14,1.395439e-05,0.03206569,0.0
386,4.932614e-14,1.419738e-05,0.02367426,0.0
387,7.013664e-14,1.429651e-05,0.02030928,0.0
388,2.287398e-14,1.509308e-05,0.03652401,0.0
389,2.236909e-14,1.666592e-05,0.03970431,0.0
390,9.904742e-14,1.509309e-05,0.02237575,0.0
391,2.30935e-14,1.403421e-05,0.04417464,0.0
392,4.875539e-14,1.468995e-05,0.04701804,0.0
393,3.275238e-14,1.523912e-05,0.03481311,0.0
394,2.882298e-14,1.401004e-05,0.05399389,0.0
395,8.390054e-14,1.430767e-05,0.04166364,0.0
396,5.031398e-14,1.508209e-05,0.03253419,0.0
397,6.53511e-14,1.405947e-05,0.02223551,0.0
398,5.180672e-14,1.386428e-05,0.02410618,0.0
399,2.882298e-14,1.507677e-05,0.02722432,0.0
400,6.023629e-14,1.533202e-05,0.03805947,0.0
401,1.083331e-13,1.454302e-05,0.03936774,0.0
402,3.683546e-14,1.423954e-05,0.03448775,0.0
403,4.118195e-14,1.501999e-05,0.03306692,0.0
404,1.462003e-14,1.480806e-05,0.03429009,0.0
405,2.41033e-14,1.480071e-05,0.03154436,0.0
406,9.505216e-15,1.459747e-05,0.03515752,0.0
407,4.517722e-14,1.506689e-05,0.02796762,0.0
408,2.155686e-14,1.452048e-05,0.03255154,0.0
409,7.031226e-14,1.506289e-05,0.03337645,0.0
410,2.568384e-14,1.335778e-05,0.04111813,0.0
411,5.286042e-14,1.590153e-05,0.03159703,0.0
412,5.472634e-14,1.399833e-05,0.02583739,0.0
413,5.189453e-14,1.341586e-05,0.03020892,0.0
414,7.762227e-14,1.419477e-05,0.04084607,0.0
415,4.50455e-14,1.496225e-05,0.0297254,0.0
416,4.260883e-14,1.415779e-05,0.02496724,0.0
417,3.139136e-14,1.530644e-05,0.05795283,0.0
418,1.274094e-13,1.440306e-05,0.05064378,0.0
419,3.158893e-14,1.471944e-05,0.0250661,0.0
420,3.655008e-14,1.389778e-05,0.02065817,0.0
421,4.662605e-14,1.311178e-05,0.0703793,0.0
422,2.155686e-14,1.376852e-05,0.04576702,0.0
423,5.536294e-14,1.358207e-05,0.038722,0.0
424,5.93143e-14,1.281587e-05,0.03042498,0.0
425,6.052166e-14,1.387754e-05,0.0378261,0.0
426,1.042281e-13,1.421338e-05,0.03297302,0.0
427,5.580198e-14,1.390343e-05,0.03136831,0.0
428,6.69975e-14,1.331313e-05,0.02574536,0.0
429,3.363046e-14,1.306517e-05,0.02777191,0.0
430,3.953555e-14,1.41401e-05,0.05899826,0.0
431,4.544064e-14,1.39769e-05,0.04550043,0.0
432,6.620723e-14,1.359858e-05,0.01766864,0.0
433,3.194016e-14,1.256751e-05,0.03153997,0.0
434,4.647238e-14,1.446382e-05,0.01892517,0.0
435,5.929235e-14,1.304852e-05,0.02785,0.0
436,6.458278e-14,1.448394e-05,0.03446206,0.0
437,4.216979e-14,1.377249e-05,0.04104524,0.0
438,5.345312e-14,1.386141e-05,0.03993366,0.0
439,2.162272e-14,1.306139e-05,0.04929906,0.0
440,4.16649e-14,1.418284e-05,0.03737484,0.0
441,7.79735e-14,1.388869e-05,0.02262237,0.0
442,4.245517e-14,1.367171e-05,0.03390142,0.0
443,2.834003e-14,1.283747e-05,0.0230612,0.0
444,2.370816e-14,1.392283e-05,0.02324733,0.0
445,1.907629e-14,1.464149e-05,0.0306272,0.0
446,9.571072e-15,1.352818e-05,0.03038406,0.0
447,1.782502e-14,1.357514e-05,0.041887,0.0
448,3.279629e-14,1.317365e-05,0.02290588,0.0
449,4.458451e-14,1.373549e-05,0.05579601,0.0
450,4.23015e-14,1.366227e-05,0.04145113,0.0
451,2.785709e-14,1.298763e-05,0.02813362,0.0
452,2.632045e-14,1.303049e-05,0.03243782,0.0
453,4.822854e-14,1.299013e-05,0.02539777,0.0
454,5.540685e-14,1.312566e-05,0.04591298,0.0
455,4.094048e-14,1.293578e-05,0.03069724,0.0
456,3.382803e-14,1.253557e-05,0.02095269,0.0
457,5.854598e-14,1.306549e-05,0.0215972,0.0
458,2.79449e-14,1.254343e-05,0.01936909,0.0
459,1.582739e-14,1.25768e-05,0.02125943,0.0
460,5.270675e-14,1.232393e-05,0.02273915,0.0
461,6.846829e-14,1.298294e-05,0.02067885,0.0
462,3.575981e-14,1.230483e-05,0.02927678,0.0
463,3.330118e-14,1.266229e-05,0.03995904,0.0
464,3.565005e-14,1.299995e-05,0.0243913,0.0
465,3.674765e-14,1.206372e-05,0.02595618,0.0
466,4.192832e-14,1.267283e-05,0.03509833,0.0
467,2.599117e-14,1.308308e-05,0.02703285,0.0
468,3.810867e-14,1.180345e-05,0.03428856,0.0
469,1.093868e-13,1.263028e-05,0.03795934,0.0
470,3.84599e-14,1.250514e-05,0.04498459,0.0
471,3.468416e-14,1.215044e-05,0.03697258,0.0
472,5.367264e-14,1.307142e-05,0.03808261,0.0
473,8.144192e-14,1.279687e-05,0.02459661,0.0
474,3.808672e-14,1.255572e-05,0.03391775,0.0
475,5.782157e-14,1.276071e-05,0.05389324,0.0
476,2.397158e-14,1.289868e-05,0.04016089,0.0
477,2.546432e-14,1.227348e-05,0.03318452,0.0
478,3.479392e-14,1.230243e-05,0.04325194,0.0
479,3.154502e-14,1.363983e-05,0.03640618,0.0
480,1.804454e-14,1.306524e-05,0.05588461,0.0
481,7.584416e-14,1.594898e-05,0.05797152,0.0
482,2.083245e-14,1.201617e-05,0.04340947,0.0
483,2.225933e-14,1.321727e-05,0.04594138,0.0
484,1.385171e-14,1.148655e-05,0.02308404,0.0
485,5.248723e-14,1.204088e-05,0.05036061,0.0
486,2.340083e-14,1.22857e-05,0.04607099,0.0
487,3.648422e-14,1.201339e-05,0.05559625,0.0
488,2.941568e-14,1.228655e-05,0.03612089,0.0
489,2.711072e-14,1.108522e-05,0.04304838,0.0
490,1.497126e-14,1.186463e-05,0.03882964,0.0
491,1.753965e-14,1.266115e-05,0.03918379,0.0
492,4.980909e-14,1.247415e-05,0.02173384,0.0
493,5.384826e-14,1.197629e-05,0.02545322,0.0
494,5.384826e-14,1.241174e-05,0.05861837,0.0
495,2.917421e-14,1.2029e-05,0.02031823,0.0
496,1.620058e-14,1.197084e-05,0.03862178,0.0
497,6.607552e-15,1.142918e-05,0.0340395,0.0
498,1.343462e-14,1.157152e-05,0.01345957,0.0
499,2.660582e-14,1.181077e-05,0.02803404,0.0
500,1.953728e-14,1.095351e-05,0.03627498,0.0
501,1.881286e-14,1.168382e-05,0.04499336,0.0
502,1.999827e-14,1.096292e-05,0.04600898,0.0
503,3.253286e-14,1.136435e-05,0.02800399,0.0
504,2.241299e-14,1.177616e-05,0.0547256,0.0
505,7.325382e-14,1.136173e-05,0.05502978,0.0
506,3.670374e-14,1.189248e-05,0.04103789,0.0
507,2.820832e-14,1.191836e-05,0.03372522,0.0
508,3.907456e-14,1.276926e-05,0.03609128,0.0
509,5.04457e-14,1.184437e-05,0.0454291,0.0
510,5.641664e-14,1.413564e-05,0.02454895,0.0
511,4.530893e-14,1.068159e-05,0.03710722,0.0
512,3.235725e-14,1.161788e-05,0.02935708,0.0
513,5.523123e-14,1.159913e-05,0.03540778,0.0
514,2.790099e-14,1.203356e-05,0.06610101,0.0
515,2.30935e-14,1.202839e-05,0.04196151,0.0
516,2.423501e-14,1.152883e-05,0.03987382,0.0
517,2.019584e-14,1.179871e-05,0.03991411,0.0
518,7.136595e-14,1.301373e-05,0.03710719,0.0
519,3.819648e-14,1.221545e-05,0.05121453,0.0
520,4.627482e-14,1.17408e-05,0.03610048,0.0
521,3.764768e-14,1.173954e-05,0.03641036,0.0
522,9.98816e-15,1.069527e-05,0.05908166,0.0
523,4.583578e-14,1.203132e-05,0.02609868,0.0
524,6.778778e-14,1.188157e-05,0.04119918,0.0
525,3.358656e-14,1.174869e-05,0.04513968,0.0
526,3.973312e-14,1.203051e-05,0.03392656,0.0
527,2.094221e-14,1.061319e-05,0.04488378,0.0
528,2.219347e-14,1.305202e-05,0.06550417,0.0
529,3.035962e-14,1.124739e-05,0.04980123,0.0
530,1.066867e-14,1.156145e-05,0.02420206,0.0
531,3.244506e-14,1.172129e-05,0.03368561,0.0
532,3.040352e-14,1.177946e-05,0.03020794,0.0
533,6.759021e-14,1.234229e-05,0.028942,0.0
534,2.664973e-14,1.220132e-05,0.03409981,0.0
535,2.860346e-14,1.195926e-05,0.02925489,0.0
536,1.606886e-14,1.149632e-05,0.0307073,0.0
537,1.931776e-14,1.147172e-05,0.03923031,0.0
538,4.157709e-14,1.102657e-05,0.03280956,0.0
539,2.010803e-14,1.060531e-05,0.03274808,0.0
540,1.835187e-14,1.153549e-05,0.06028793,0.0
541,3.084256e-14,1.071947e-05,0.03294461,0.0
542,4.087462e-14,1.15102e-05,0.02578317,0.0
543,3.488173e-14,1.073673e-05,0.04493939,0.0
544,2.886688e-14,1.068769e-05,0.04522144,0.0
545,1.400538e-14,1.157023e-05,0.03679285,0.0
546,3.005229e-14,1.229029e-05,0.03110483,0.0
547,3.613299e-14,1.123542e-05,0.02745403,0.0
548,3.369632e-14,1.194966e-05,0.04147993,0.0
549,1.240288e-14,1.062362e-05,0.04260836,0.0
550,3.143526e-14,1.117425e-05,0.04685554,0.0
551,3.808672e-14,1.075924e-05,0.02872222,0.0
552,1.721037e-14,1.04911e-05,0.03385563,0.0
553,2.267642e-14,1.467631e-05,0.0404642,0.0
554,1.549811e-14,1.028637e-05,0.04573097,0.0
555,1.576154e-14,1.148051e-05,0.03034296,0.0
556,2.864736e-14,1.195069e-05,0.03343968,0.0
557,4.254298e-14,1.14061e-05,0.02512157,0.0
558,2.660582e-14,1.142793e-05,0.05387368,0.0
559,3.558419e-14,1.070504e-05,0.03750012,0.0
560,4.015021e-14,1.084563e-05,0.03099355,0.0
561,4.212589e-14,1.087783e-05,0.03806093,0.0
562,7.105862e-14,1.067797e-05,0.02193424,0.0
563,1.350048e-14,1.068014e-05,0.04323427,0.0
564,2.750586e-14,1.050285e-05,0.02002519,0.0
565,2.95913e-14,1.03041e-05,0.04065129,0.0
566,1.822016e-14,1.061553e-05,0.02697987,0.0
567,2.779123e-14,1.17665e-05,0.03790827,0.0
568,5.790938e-14,1.213526e-05,0.02636706,0.0
569,1.683718e-14,1.040065e-05,0.02675,0.0
570,1.389562e-14,1.16012e-05,0.02576246,0.0
571,2.476186e-14,1.145932e-05,0.03997448,0.0
572,1.782502e-14,1.154225e-05,0.02224428,0.0
573,3.17865e-14,1.078373e-05,0.0239559,0.0
574,2.337888e-14,1.124976e-05,0.01844287,0.0
575,1.791283e-14,1.028631e-05,0.04136653,0.0
576,3.839405e-14,1.005608e-05,0.03658136,0.0
577,3.738426e-14,1.06641e-05,0.04069697,0.0
578,2.19959e-14,1.118765e-05,0.04657305,0.0
579,1.361024e-14,1.039677e-05,0.03956952,0.0
580,2.256666e-14,1.02626e-05,0.03265072,0.0
581,2.647411e-14,1.160129e-05,0.03225282,0.0
582,2.388378e-14,1.14288e-05,0.03981771,0.0
583,1.894458e-14,1.073758e-05,0.02511629,0.0
584,2.138125e-14,1.10614e-05,0.0403483,0.0
585,2.289594e-14,1.060973e-05,0.04235394,0.0
586,2.394963e-14,1.00353e-05,0.03774293,0.0
587,3.29719e-14,1.194919e-05,0.04477423,0.0
588,1.066867e-14,1.405129e-05,0.02678681,0.0
589,1.692499e-14,1.120511e-05,0.03475209,0.0
590,2.95913e-14,1.206006e-05,0.0442013,0.0
591,2.208371e-14,9.872151e-06,0.04423167,0.0
592,2.58375e-14,1.083019e-05,0.04582003,0.0
593,2.219347e-14,1.022177e-05,0.05086177,0.0
594,1.949338e-14,1.043389e-05,0.04027057,0.0
595,3.009619e-14,1.024307e-05,0.0470871,0.0
596,1.714451e-14,1.054982e-05,0.03252854,0.0
597,3.887699e-14,1.049166e-05,0.01836707,0.0
598,1.775917e-14,1.062386e-05,0.03055389,0.0
599,4.278445e-14,1.076959e-05,0.02673614,0.0
600,1.984461e-14,1.099659e-05,0.03538689,0.0
601,2.4696e-14,9.547406e-06,0.03596744,0.0
602,1.444442e-14,1.005716e-05,0.03879668,0.0
603,2.47399e-14,1.028982e-05,0.03154162,0.0
604,1.064672e-14,9.794487e-06,0.04350558,0.0
605,1.549811e-14,1.001292e-05,0.04570521,0.0
606,1.725427e-14,1.017725e-05,0.02434763,0.0
607,1.732013e-14,9.863653e-06,0.05380534,0.0
608,1.716646e-14,9.5309e-06,0.02907231,0.0
609,5.031398e-14,9.744612e-06,0.03585728,0.0
610,1.372e-14,9.432413e-06,0.03880057,0.0
611,2.932787e-14,1.008138e-05,0.07076792,0.0
612,1.786893e-14,9.945094e-06,0.03855653,0.0
613,1.80665e-14,9.650354e-06,0.03114023,0.0
614,3.806477e-14,1.050048e-05,0.03507354,0.0
615,2.307155e-14,9.294833e-06,0.02974252,0.0
616,1.710061e-14,1.109078e-05,0.05077585,0.0
617,1.898848e-14,9.393922e-06,0.05746159,0.0
618,4.783341e-14,1.192126e-05,0.02895572,0.0
619,2.563994e-14,1.008599e-05,0.02551529,0.0
620,2.563994e-14,1.109585e-05,0.02135596,0.0
621,2.002022e-14,1.038896e-05,0.02812494,0.0
622,2.206176e-14,9.211718e-06,0.04479717,0.0
623,1.163456e-14,9.477113e-06,0.03222013,0.0
624,1.310534e-14,9.960843e-06,0.04470873,0.0
625,1.09321e-14,9.729988e-06,0.04973818,0.0
626,3.887699e-14,1.087792e-05,0.02417529,0.0
627,2.421306e-14,9.751039e-06,0.03132597,0.0
628,3.095232e-14,1.036658e-05,0.04461268,0.0
629,3.40695e-14,1.038443e-05,0.06012797,0.0
630,3.613299e-14,1.027003e-05,0.03656837,0.0
631,1.064672e-14,9.140015e-06,0.014014,0.0
632,2.989862e-14,1.010671e-05,0.04097882,0.0
633,3.61769e-14,1.067387e-05,0.0450643,0.0
634,6.827072e-15,9.699778e-06,0.04629535,0.0
635,1.260045e-14,9.543295e-06,0.04862892,0.0
636,1.857139e-14,9.611668e-06,0.04138505,0.0
637,3.106208e-14,9.63423e-06,0.04538304,0.0
638,2.702291e-14,1.031175e-05,0.03054247,0.0
639,1.81104e-14,1.005492e-05,0.0250201,0.0
640,1.400538e-14,9.750269e-06,0.03868169,0.0
641,1.573958e-14,9.643196e-06,0.0362019,0.0
642,1.822016e-14,9.031793e-06,0.02930213,0.0
643,1.029549e-14,1.009195e-05,0.03196447,0.0
644,5.81728e-15,8.889346e-06,0.04456431,0.0
645,2.441062e-14,1.001231e-05,0.02756049,0.0
646,2.484966e-14,9.249803e-06,0.03235784,0.0
647,2.787904e-14,9.300447e-06,0.07002997,0.0
648,4.748218e-14,1.092222e-05,0.02356351,0.0
649,1.314925e-14,9.16076e-06,0.03071609,0.0
650,2.331302e-14,9.629288e-06,0.0332065,0.0
651,2.052512e-14,9.051836e-06,0.05744794,0.0
652,1.786893e-14,9.275352e-06,0.06047488,0.0
653,1.255654e-14,9.687244e-06,0.0340606,0.0
654,1.350048e-14,9.627784e-06,0.03557771,0.0
655,1.830797e-14,9.98644e-06,0.03222883,0.0
656,2.787904e-14,9.957012e-06,0.05308027,0.0
657,6.739264e-15,9.069481e-06,0.07225144,0.0
658,3.07767e-14,9.138246e-06,0.04608343,0.0
659,1.429075e-14,9.972698e-06,0.03430186,0.0
660,1.828602e-14,9.957016e-06,0.02060811,0.0
661,2.401549e-14,1.025571e-05,0.01481767,0.0
662,1.688109e-14,9.972843e-06,0.03424064,0.0
663,1.690304e-14,9.186619e-06,0.04881149,0.0
664,2.129344e-14,1.000556e-05,0.02961984,0.0
665,1.306144e-14,1.004531e-05,0.03948137,0.0
666,2.401549e-14,9.741834e-06,0.04803969,0.0
667,1.407123e-14,9.141723e-06,0.05288374,0.0
668,2.57936e-14,1.097289e-05,0.04180698,0.0
669,3.775744e-14,9.490944e-06,0.02106199,0.0
670,2.201786e-14,1.053331e-05,0.03687716,0.0
671,2.489357e-14,1.009983e-05,0.04285886,0.0
672,2.239104e-14,1.010068e-05,0.02906141,0.0
673,4.192832e-15,1.004201e-05,0.02127485,0.0
674,5.005056e-15,8.762552e-06,0.01747151,0.0
675,9.066176e-15,9.73039e-06,0.05403566,0.0
676,1.374195e-14,9.326835e-06,0.0478753,0.0
677,3.701107e-14,1.026474e-05,0.02595299,0.0
678,1.931776e-14,1.022263e-05,0.04354864,0.0
679,3.758182e-14,1.033904e-05,0.02218687,0.0
680,6.5856e-15,8.789642e-06,0.05935581,0.0
681,3.971117e-14,1.310572e-05,0.02848824,0.0
682,1.793478e-14,8.822148e-06,0.03607647,0.0
683,1.172237e-14,9.646171e-06,0.03988357,0.0
684,9.98816e-15,8.724499e-06,0.02898827,0.0
685,2.342278e-14,9.09635e-06,0.02657113,0.0
686,3.655008e-14,8.734978e-06,0.025,0.0
687,1.510298e-14,1.157547e-05,0.04776066,0.0
688,3.244506e-14,9.605147e-06,0.03675014,0.0
689,1.396147e-14,8.82654e-06,0.04469966,0.0
690,1.661766e-14,1.010211e-05,0.04226393,0.0
691,9.724736e-15,8.538968e-06,0.04616368,0.0
692,7.595392e-15,8.581971e-06,0.05389483,0.0
693,6.497792e-15,8.572169e-06,0.03580715,0.0
694,2.291789e-14,8.877263e-06,0.02321633,0.0
695,1.380781e-14,9.286871e-06,0.05640243,0.0
696,1.029549e-14,8.617484e-06,0.03297885,0.0
697,1.229312e-14,9.179911e-06,0.03908965,0.0
698,5.905088e-15,8.816684e-06,0.03402197,0.0
699,3.363046e-14,9.151949e-06,0.03305124,0.0
700,9.241792e-15,8.552556e-06,0.06002848,0.0
701,2.85376e-14,8.884659e-06,0.02937874,0.0
702,1.26224e-14,8.617835e-06,0.03319405,0.0
703,8.56128e-15,9.175446e-06,0.0463445,0.0
704,2.214957e-14,8.707426e-06,0.03583414,0.0
705,7.46368e-15,8.619167e-06,0.0571593,0.0
706,1.04711e-14,8.832513e-06,0.05679868,0.0
707,1.955923e-14,8.535631e-06,0.0449223,0.0
708,1.071258e-14,8.693759e-06,0.03119637,0.0
709,6.322176e-15,8.438107e-06,0.05813873,0.0
710,2.03056e-14,8.88415e-06,0.05098934,0.0
711,3.56281e-14,1.182899e-05,0.02661007,0.0
712,1.791283e-14,1.236221e-05,0.04933805,0.0
713,1.598106e-14,9.45229e-06,0.06198687,0.0
714,2.067878e-14,9.091521e-06,0.03276324,0.0
715,1.150285e-14,9.039022e-06,0.05618107,0.0
716,1.859334e-14,9.687836e-06,0.02635791,0.0
717,5.663616e-15,8.350412e-06,0.03970184,0.0
718,1.633229e-14,8.938004e-06,0.036465,0.0
719,1.020768e-14,8.795335e-06,0.053812,0.0
720,2.500333e-14,9.079341e-06,0.02585874,0.0
721,1.907629e-14,8.96603e-06,0.05102675,0.0
722,1.648595e-14,8.617993e-06,0.02741914,0.0
723,1.240288e-14,8.874929e-06,0.07512145,0.0
724,2.094221e-14,8.795548e-06,0.05279577,0.0
725,2.074464e-14,8.528972e-06,0.0369435,0.0
726,1.464198e-14,9.015581e-06,0.03247675,0.0
727,6.563648e-15,8.872517e-06,0.06291275,0.0
728,8.758848e-15,8.452462e-06,0.05379827,0.0
729,1.492736e-14,8.457574e-06,0.03630853,0.0
730,9.636928e-15,9.033809e-06,0.05255117,0.0
731,1.049306e-14,8.091224e-06,0.02724837,0.0
732,1.189798e-14,9.075039e-06,0.02445843,0.0
733,1.099795e-14,7.891705e-06,0.05112768,0.0
734,1.033939e-14,9.013617e-06,0.02971534,0.0
735,8.319808e-15,8.728451e-06,0.06182122,0.0
736,1.786893e-14,8.657684e-06,0.05332705,0.0
737,8.714944e-15,7.872323e-06,0.04214999,0.0
738,9.702784e-15,8.624899e-06,0.0497237,0.0
739,1.242483e-14,8.477536e-06,0.04840385,0.0
740,3.613299e-14,1.196962e-05,0.03117147,0.0
741,8.297856e-15,8.625705e-06,0.04962904,0.0
742,1.48176e-14,8.807263e-06,0.03312912,0.0
743,1.055891e-14,8.526853e-06,0.0528633,0.0
744,1.466394e-14,9.268305e-06,0.05731072,0.0
745,1.64201e-14,8.192447e-06,0.03856276,0.0
746,3.071085e-14,9.129609e-06,0.0351856,0.0
747,1.503712e-14,8.246972e-06,0.02178291,0.0
748,1.59591e-14,9.018815e-06,0.03734318,0.0
749,1.086624e-14,8.738783e-06,0.05450846,0.0
750,1.288582e-14,9.127328e-06,0.02621853,0.0
751,8.627136e-15,8.393809e-06,0.04751213,0.0
752,6.5856e-15,8.615596e-06,0.0342383,0.0
753,2.160077e-14,9.272283e-06,0.03959053,0.0
754,1.549811e-14,8.187682e-06,0.0462064,0.0
755,2.432282e-14,9.25568e-06,0.0381142,0.0
756,8.978368e-15,7.872523e-06,0.02410703,0.0
757,8.649088e-15,8.823376e-06,0.05761058,0.0
758,5.883136e-15,9.230488e-06,0.04891096,0.0
759,1.652986e-14,8.673051e-06,0.07346759,0.0
760,6.234368e-15,8.538685e-06,0.0330768,0.0
761,1.323706e-14,8.814026e-06,0.03578403,0.0
762,3.426707e-14,9.205543e-06,0.02889688,0.0
763,1.556397e-14,9.216782e-06,0.02496252,0.0
764,7.595392e-15,8.426622e-06,0.02955794,0.0
765,1.53225e-14,8.810815e-06,0.03299474,0.0
766,3.150112e-14,8.779589e-06,0.04464047,0.0
767,1.70128e-14,8.800706e-06,0.03819071,0.0
768,9.746688e-15,8.841033e-06,0.06262606,0.0
769,8.166144e-15,8.997234e-06,0.03409284,0.0
770,1.571763e-14,8.830129e-06,0.0497609,0.0
771,1.712256e-14,8.847958e-06,0.04108058,0.0
772,6.344128e-15,9.03639e-06,0.03782338,0.0
773,1.292973e-14,8.322046e-06,0.03750067,0.0
774,1.165651e-14,8.516455e-06,0.05287687,0.0
775,8.736896e-15,8.984828e-06,0.0384328,0.0
776,5.290432e-15,7.960151e-06,0.06413114,0.0
777,1.437856e-14,8.815254e-06,0.04928771,0.0
778,7.419776e-15,8.2928e-06,0.03359923,0.0
779,5.290432e-15,7.266786e-06,0.01598647,0.0
780,1.005402e-14,8.443589e-06,0.03351663,0.0
781,8.188096e-15,8.290116e-06,0.04378927,0.0
782,1.09321e-14,7.500762e-06,0.06053953,0.0
783,1.286387e-14,8.710061e-06,0.04921763,0.0
784,2.434477e-14,8.931102e-06,0.04389564,0.0
785,3.909651e-14,9.264197e-06,0.04759539,0.0
786,9.197888e-15,8.161087e-06,0.02418196,0.0
787,1.036134e-14,8.809929e-06,0.04923951,0.0
788,2.41472e-14,8.452171e-06,0.0393446,0.0
789,8.956416e-15,7.828128e-06,0.04764553,0.0
790,7.002688e-15,8.516025e-06,0.04574702,0.0
791,5.883136e-15,7.752266e-06,0.06795829,0.0
792,9.307648e-15,7.813918e-06,0.04529364,0.0
793,1.464198e-14,9.445517e-06,0.02712268,0.0
794,7.112448e-15,7.445044e-06,0.03826919,0.0
795,1.108576e-14,8.444476e-06,0.0362063,0.0
796,4.06112e-15,7.712112e-06,0.06052479,0.0
797,8.956416e-15,8.801286e-06,0.02969409,0.0
798,5.970944e-15,8.573694e-06,0.04898955,0.0
799,6.519744e-15,7.44653e-06,0.05590363,0.0
800,4.895296e-15,7.348773e-06,0.050211,0.0
801,1.43127e-14,7.907526e-06,0.03995228,0.0
802,1.668352e-14,7.185444e-06,0.0295085,0.0
803,1.15248e-14,8.433444e-06,0.05139671,0.0
804,2.120563e-14,8.814381e-06,0.02856063,0.0
805,1.154675e-14,8.261399e-06,0.032891,0.0
806,3.336704e-15,8.508173e-06,0.03660604,0.0
807,2.403744e-14,8.573294e-06,0.03599955,0.0
808,1.025158e-14,8.811057e-06,0.0422287,0.0
809,1.881286e-14,8.844899e-06,0.05258812,0.0
810,1.354438e-14,8.521586e-06,0.02332387,0.0
811,6.958784e-15,7.141274e-06,0.06520058,0.0
812,9.724736e-15,8.814268e-06,0.03577538,0.0
813,8.34176e-15,8.316254e-06,0.06384158,0.0
814,1.479565e-14,8.435769e-06,0.03993388,0.0
815,1.466394e-14,9.006643e-06,0.02345229,0.0
816,4.456256e-15,8.274223e-06,0.06601861,0.0
817,4.851392e-15,8.370984e-06,0.03213321,0.0
818,6.739264e-15,8.767273e-06,0.03508257,0.0
819,9.197888e-15,7.789997e-06,0.04756657,0.0
820,1.319315e-14,8.291026e-06,0.0625,0.0
821,9.636928e-15,7.626917e-06,0.04150345,0.0
822,5.641664e-15,8.184888e-06,0.05407916,0.0
823,8.363712e-15,8.4474e-06,0.03985406,0.0
824,1.580544e-14,8.333288e-06,0.03567802,0.0
825,2.177638e-14,8.64896e-06,0.03529036,0.0
826,1.330291e-14,9.082081e-06,0.04429066,0.0
827,1.031744e-14,8.573952e-06,0.04188329,0.0
828,7.222208e-15,7.445331e-06,0.04669125,0.0
829,3.213773e-14,8.981523e-06,0.03201316,0.0
830,7.46368e-15,7.653104e-06,0.05038244,0.0
831,1.576154e-14,8.809351e-06,0.03871691,0.0
832,1.271021e-14,8.411672e-06,0.0419121,0.0
833,6.91488e-15,8.042342e-06,0.04957216,0.0
834,1.183213e-14,8.484623e-06,0.04874863,0.0
835,1.227117e-14,7.753205e-06,0.05553845,0.0
836,1.435661e-14,9.26286e-06,0.04711588,0.0
837,9.00032e-15,8.291351e-06,0.04261557,0.0
838,2.537651e-14,8.924783e-06,0.03301746,0.0
839,4.807488e-15,8.290554e-06,0.023888,0.0
840,6.980736e-15,8.814623e-06,0.03763187,0.0
841,5.773376e-15,7.645174e-06,0.04314866,0.0
842,6.14656e-15,7.972318e-06,0.04655653,0.0
843,1.139309e-14,8.522304e-06,0.02981781,0.0
844,9.834496e-15,8.801311e-06,0.03336768,0.0
845,2.897664e-15,8.264052e-06,0.066761,0.0
846,4.434304e-15,7.262838e-06,0.037832,0.0
847,8.495424e-15,8.336469e-06,0.04194003,0.0
848,5.290432e-15,8.272142e-06,0.0685115,0.0
849,1.064672e-14,7.785383e-06,0.04346325,0.0
850,6.47584e-15,8.27431e-06,0.05366641,0.0
851,5.619712e-15,7.652052e-06,0.0355761,0.0
852,9.285696e-15,8.517144e-06,0.02329716,0.0
853,9.417408e-15,8.563842e-06,0.04659207,0.0
854,1.154675e-14,8.801286e-06,0.04450615,0.0
855,1.36761e-14,9.759708e-06,0.03168827,0.0
856,7.112448e-15,7.257428e-06,0.04166331,0.0
857,9.505216e-15,8.523003e-06,0.06824905,0.0
858,1.143699e-14,8.55616e-06,0.04838258,0.0
859,1.053696e-14,8.479778e-06,0.03076909,0.0
860,1.071258e-14,7.953314e-06,0.04261003,0.0
861,8.188096e-15,8.158615e-06,0.04031712,0.0
862,6.958784e-15,8.656266e-06,0.05636409,0.0
863,1.514688e-14,8.841927e-06,0.03269315,0.0
864,1.786893e-14,8.337129e-06,0.04336946,0.0
865,7.6832e-15,7.34249e-06,0.05461308,0.0
866,1.040525e-14,8.815028e-06,0.03698366,0.0
867,2.263251e-14,9.215554e-06,0.03569499,0.0
868,4.368448e-15,7.720138e-06,0.05713392,0.0
869,1.091014e-14,7.779983e-06,0.07778282,0.0
870,1.058086e-14,8.809519e-06,0.02673619,0.0
871,1.677133e-14,8.812849e-06,0.03996462,0.0
872,8.429568e-15,8.842949e-06,0.02625511,0.0
873,1.016378e-14,8.445101e-06,0.060334,0.0
874,3.775744e-15,7.840683e-06,0.04049913,0.0
875,2.590336e-15,8.654715e-06,0.04935172,0.0
876,9.241792e-15,8.274314e-06,0.04682632,0.0
877,8.12224e-15,7.175716e-06,0.03196014,0.0
878,1.20736e-14,8.447294e-06,0.02756058,0.0
879,5.400192e-15,7.349869e-06,0.04253043,0.0
880,3.995264e-15,7.912058e-06,0.02942756,0.0
881,1.31712e-15,8.226731e-06,0.03398353,0.0
882,2.787904e-15,8.1914e-06,0.04136353,0.0
883,8.473472e-15,7.785e-06,0.05469685,0.0
884,1.659571e-14,9.286683e-06,0.04230796,0.0
885,4.785536e-15,7.843603e-06,0.0541641,0.0
886,3.18304e-15,6.769871e-06,0.04064111,0.0
887,9.066176e-15,7.872509e-06,0.03567217,0.0
888,2.546432e-15,7.050271e-06,0.0625878,0.0
889,6.783168e-15,6.900899e-06,0.03955405,0.0
890,9.21984e-15,7.81514e-06,0.07559662,0.0
891,5.400192e-15,7.833368e-06,0.05318281,0.0
892,4.763584e-15,6.918395e-06,0.04657689,0.0
893,5.180672e-15,7.055471e-06,0.05001256,0.0
894,7.814912e-15,7.887869e-06,0.04816743,0.0
895,1.126138e-14,7.016566e-06,0.03199399,0.0
896,5.246528e-15,6.885481e-06,0.03805595,0.0
897,2.875712e-15,6.785834e-06,0.04303263,0.0
898,5.663616e-15,7.048894e-06,0.04322195,0.0
899,5.005056e-15,7.802861e-06,0.06078969,0.0
900,7.595392e-15,7.091901e-06,0.04910524,0.0
901,6.497792e-15,8.343888e-06,0.01041667,0.0
902,6.212416e-15,6.966498e-06,0.079,0.0
903,8.605184e-15,7.174336e-06,0.04788754,0.0
904,8.232e-15,7.813364e-06,0.03852851,0.0
905,6.870976e-15,7.843386e-06,0.03690504,0.0
906,3.114989e-14,8.801324e-06,0.04008655,0.0
907,5.37824e-15,7.872899e-06,0.06257762,0.0
908,6.102656e-15,7.894796e-06,0.0395063,0.0
909,5.444096e-15,6.893582e-06,0.03873221,0.0
910,1.543226e-14,7.799532e-06,0.04395503,0.0
911,5.04896e-15,7.020897e-06,0.0500066,0.0
912,6.80512e-15,7.81765e-06,0.01999367,0.0
913,7.705152e-15,7.118819e-06,0.07204297,0.0
914,3.929408e-15,6.700312e-06,0.08483,0.0
915,7.661248e-15,6.782616e-06,0.04581664,0.0
916,4.105024e-15,6.481347e-06,0.06007698,0.0
917,7.397824e-15,7.79908e-06,0.01907718,0.0
918,9.285696e-15,7.054999e-06,0.02687478,0.0
919,3.73184e-15,7.822989e-06,0.0400829,0.0
920,7.617344e-15,6.994873e-06,0.04520041,0.0
921,8.078336e-15,6.899572e-06,0.02229932,0.0
922,2.85376e-15,6.904983e-06,0.05882444,0.0
923,2.941568e-15,6.792756e-06,0.08312423,0.0
924,1.04711e-14,7.905513e-06,0.06212271,0.0
925,7.046592e-15,7.902346e-06,0.04993139,0.0
926,8.627136e-15,8.447767e-06,0.05504555,0.0
927,4.126976e-15,7.833141e-06,0.04593991,0.0
928,1.066867e-14,7.020193e-06,0.04337425,0.0
929,1.126138e-14,7.813671e-06,0.05723438,0.0
930,5.751424e-15,7.810078e-06,0.0304086,0.0
931,4.82944e-15,6.85258e-06,0.03597448,0.0
932,1.170042e-14,7.833937e-06,0.02447357,0.0
933,4.522112e-15,6.875972e-06,0.03966765,0.0
934,8.210048e-15,7.818575e-06,0.03908074,0.0
935,4.895296e-15,7.242389e-06,0.03125,0.0
936,1.683718e-14,7.057277e-06,0.07263027,0.0
937,5.663616e-15,7.869591e-06,0.0432388,0.0
938,4.851392e-15,6.769906e-06,0.04791309,0.0
939,7.485632e-15,7.781018e-06,0.02822468,0.0
940,5.553856e-15,7.781e-06,0.05154678,0.0
941,6.409984e-15,7.016058e-06,0.01599459,0.0
942,1.181018e-14,7.7989e-06,0.02033887,0.0
943,8.253952e-15,7.798325e-06,0.04530773,0.0
944,3.248896e-15,7.81336e-06,0.03487754,0.0
945,1.843968e-15,6.98559e-06,0.05834504,0.0
946,5.15872e-15,6.844945e-06,0.02551552,0.0
947,3.446464e-15,6.840943e-06,0.06651635,0.0
948,6.541696e-15,7.214503e-06,0.03438628,0.0
949,5.37824e-15,7.056294e-06,0.04864473,0.0
950,1.944947e-14,8.334294e-06,0.02659797,0.0
951,6.322176e-15,6.841952e-06,0.0354034,0.0
952,4.675776e-15,7.04499e-06,0.04396341,0.0
953,6.870976e-15,7.830971e-06,0.05011531,0.0
954,4.434304e-15,9.31641e-06,0.05578942,0.0
955,8.56128e-15,7.816477e-06,0.03854597,0.0
956,1.200774e-14,7.879578e-06,0.03132825,0.0
957,3.446464e-15,7.799847e-06,0.06767963,0.0
958,5.356288e-15,7.81797e-06,0.04492995,0.0
959,3.490368e-15,7.060789e-06,0.05012254,0.0
960,4.17088e-15,7.799938e-06,0.06749986,0.0
961,1.279802e-14,7.943848e-06,0.03108923,0.0
962,5.027008e-15,7.81638e-06,0.03983431,0.0
963,9.8784e-15,7.905295e-06,0.04531228,0.0
964,6.058752e-15,8.334033e-06,0.04625173,0.0
965,4.148928e-15,6.786896e-06,0.03786542,0.0
966,1.554202e-14,7.818072e-06,0.06883937,0.0
967,2.744e-15,7.063551e-06,0.04564285,0.0
968,5.685568e-15,8.708266e-06,0.04298878,0.0
969,7.727104e-15,6.908981e-06,0.04509303,0.0
970,5.114816e-15,6.9697e-06,0.06848341,0.0
971,1.106381e-14,6.914328e-06,0.03594483,0.0
972,9.197888e-15,7.887357e-06,0.05395241,0.0
973,4.9392e-15,7.813431e-06,0.04508185,0.0
974,6.91488e-15,7.01622e-06,0.03867264,0.0
975,7.90272e-15,7.019278e-06,0.05670865,0.0
976,4.3904e-15,7.089951e-06,0.05174806,0.0
977,1.062477e-14,6.690072e-06,0.04656272,0.0
978,3.885504e-15,7.813951e-06,0.04107319,0.0
979,9.65888e-15,8.320886e-06,0.04066166,0.0
980,8.297856e-15,6.843948e-06,0.03919064,0.0
981,1.734208e-15,6.786892e-06,0.06787915,0.0
982,5.729472e-15,7.831746e-06,0.03042144,0.0
983,3.62208e-15,6.769883e-06,0.0735,0.0
984,4.236736e-15,8.335653e-06,0.05446062,0.0
985,8.7808e-15,6.853768e-06,0.03174353,0.0
986,7.178304e-15,7.797267e-06,0.04104477,0.0
987,8.188096e-15,8.73515e-06,0.02931443,0.0
988,2.765952e-15,6.482234e-06,0.0402226,0.0
989,9.373504e-15,6.779434e-06,0.0292919,0.0
990,5.970944e-15,7.801483e-06,0.04780209,0.0
991,9.944256e-15,8.334737e-06,0.04400862,0.0
992,3.73184e-15,8.249668e-06,0.02747291,0.0
993,2.1952e-15,7.753681e-06,0.02447926,0.0
994,7.266112e-15,7.401772e-06,0.02831761,0.0
995,8.583232e-15,6.885837e-06,0.04419417,0.0
996,1.161261e-14,6.532401e-06,0.03838724,0.0
997,1.822016e-15,5.982782e-06,0.05630978,0.0
998,3.73184e-15,7.425631e-06,0.05099522,0.0
999,1.690304e-15,6.845209e-06,0.0564344,0.0
1000,1.611277e-14,6.820658e-06,0.02961256,0.0
1001,5.04896e-15,7.330892e-06,0.04377279,0.0
1002,4.807488e-15,7.262829e-06,0.04696544,0.0
1003,3.95136e-15,6.72759e-06,0.0654376,0.0
1004,1.14809e-14,7.403099e-06,0.03278897,0.0
1005,6.47584e-15,7.397648e-06,0.03572947,0.0
1006,6.431936e-15,6.759784e-06,0.06592797,0.0
1007,3.534272e-15,6.401159e-06,0.05735543,0.0
1008,8.89056e-15,7.678624e-06,0.03074704,0.0
1009,7.6832e-15,7.678226e-06,0.04069455,0.0
1010,3.226944e-15,5.971027e-06,0.07725989,0.0
1011,4.917248e-15,6.836479e-06,0.05191236,0.0
1012,6.300224e-15,6.430907e-06,0.03212836,0.0
1013,3.139136e-15,6.416279e-06,0.04796421,0.0
1014,3.665984e-15,6.419497e-06,0.04136914,0.0
1015,3.226944e-15,6.183281e-06,0.01785714,0.0
1016,4.917248e-15,6.428438e-06,0.049074,0.0
1017,1.624448e-15,6.385757e-06,0.05191551,0.0
1018,8.736896e-15,7.066868e-06,0.06189809,0.0
1019,1.778112e-15,5.974774e-06,0.07460177,0.0
1020,4.083072e-15,6.976381e-06,0.02513233,0.0
1021,3.029376e-15,6.421683e-06,0.04211305,0.0
1022,1.492736e-15,5.718927e-06,0.01434219,0.0
1023,6.47584e-15,7.318447e-06,0.04773787,0.0
1024,2.392768e-15,6.802489e-06,0.05282353,0.0
1025,6.278272e-15,6.648318e-06,0.03129307,0.0
1026,8.188096e-15,6.753443e-06,0.02980545,0.0
1027,1.295168e-15,6.19562e-06,0.05804829,0.0
1028,3.578176e-15,6.116816e-06,0.04192318,0.0
1029,5.861184e-15,6.425971e-06,0.04198771,0.0
1030,6.739264e-15,6.133675e-06,0.08330573,0.0
1031,6.080704e-15,6.930674e-06,0.04878053,0.0
1032,4.566016e-15,6.833965e-06,0.02775368,0.0
1033,2.809856e-15,6.429329e-06,0.01041667,0.0
1034,3.424512e-15,6.753728e-06,0.04481264,0.0
1035,6.25632e-15,6.132511e-06,0.03262816,0.0
1036,1.843968e-15,6.830884e-06,0.05461796,0.0
1037,6.102656e-15,7.282862e-06,0.05800556,0.0
1038,6.409984e-15,7.390961e-06,0.0503151,0.0
1039,6.058752e-15,6.80338e-06,0.04594231,0.0
1040,6.761216e-15,6.90299e-06,0.03673418,0.0
1041,2.173248e-15,7.283229e-06,0.07316254,0.0
1042,9.373504e-15,6.532003e-06,0.0125,0.0
1043,1.86592e-15,6.80206e-06,0.06176695,0.0
1044,3.204992e-15,7.06379e-06,0.06392156,0.0
1045,3.18304e-15,6.046206e-06,0.04660018,0.0
1046,3.929408e-15,6.129935e-06,0.03309782,0.0
1047,3.687936e-15,6.131671e-06,0.061208,0.0
1048,2.239104e-15,6.719974e-06,0.07302737,0.0
1049,6.827072e-15,6.663859e-06,0.041198,0.0
1050,9.43936e-16,6.753163e-06,0.04639043,0.0
1051,6.278272e-15,7.283776e-06,0.05091797,0.0
1052,7.749056e-15,7.283529e-06,0.0342683,0.0
1053,2.08544e-15,6.194839e-06,0.03049419,0.0
1054,4.60992e-15,6.465403e-06,0.06646879,0.0
1055,1.953728e-15,6.470718e-06,0.05083633,0.0
1056,6.563648e-15,6.756395e-06,0.05184453,0.0
1057,3.248896e-15,6.973774e-06,0.05911991,0.0
1058,3.907456e-15,6.426777e-06,0.04134309,0.0
1059,5.839232e-15,6.423249e-06,0.04596226,0.0
1060,5.26848e-15,7.066419e-06,0.03962907,0.0
1061,1.112966e-14,6.97545e-06,0.03352048,0.0
1062,6.14656e-15,7.062557e-06,0.04458344,0.0
1063,7.200256e-15,6.933455e-06,0.04030757,0.0
1064,3.358656e-15,6.53323e-06,0.04594571,0.0
1065,2.019584e-15,5.836833e-06,0.04969517,0.0
1066,3.600128e-15,6.195054e-06,0.02919165,0.0
1067,7.661248e-15,7.071233e-06,0.079,0.0
1068,5.070912e-15,6.90213e-06,0.05083664,0.0
1069,3.863552e-15,5.425025e-06,0.04419417,0.0
1070,2.787904e-15,6.427282e-06,0.05756962,0.0
1071,4.851392e-15,6.80478e-06,0.04549225,0.0
1072,6.541696e-15,6.437043e-06,0.05380745,0.0
1073,3.07328e-15,6.202852e-06,0.04926409,0.0
1074,3.270848e-15,6.903606e-06,0.05646369,0.0
1075,1.04711e-14,8.722497e-06,0.06274945,0.0
1076,6.86e-14,1.003533e-05,0.03029107,0.0
1077,7.112448e-15,6.285039e-06,0.05807578,0.0
1078,1.014182e-14,8.801292e-06,0.03798767,0.0
1079,1.126138e-14,8.757965e-06,0.04882673,0.0
1080,3.556224e-15,7.073495e-06,0.06226188,0.0
1081,2.41472e-15,5.560272e-06,0.05335037,0.0
1082,1.15687e-14,7.083981e-06,0.06222304,0.0
1083,5.619712e-15,6.318124e-06,0.0379427,0.0
1084,4.71968e-15,7.081521e-06,0.02533027,0.0
1085,4.60992e-15,6.80245e-06,0.0450017,0.0
1086,9.98816e-15,8.335695e-06,0.0596722,0.0
1087,4.478208e-15,6.800949e-06,0.0405167,0.0
1088,2.787904e-15,7.078772e-06,0.05839264,0.0
1089,1.580544e-15,6.663536e-06,0.06832978,0.0
1090,3.95136e-15,7.077727e-06,0.0850754,0.0
1091,5.773376e-15,6.307688e-06,0.05801901,0.0
1092,4.039168e-15,6.662349e-06,0.05574354,0.0
1093,4.192832e-15,6.308554e-06,0.03860026,0.0
1094,1.909824e-15,5.84325e-06,0.03787471,0.0
1095,3.07328e-15,5.613077e-06,0.02859099,0.0
1096,2.85376e-15,5.893707e-06,0.06134684,0.0
1097,4.456256e-15,6.311571e-06,0.03940734,0.0
1098,2.765952e-15,6.208216e-06,0.07760247,0.0
1099,2.831808e-15,6.310583e-06,0.04031853,0.0
1100,1.668352e-15,5.553275e-06,0.0125,0.0
1101,5.04896e-16,5.262286e-06,0.07185501,0.0
1102,8.56128e-16,5.254315e-06,0.04665853,0.0
1103,1.734208e-15,6.662277e-06,0.03125,0.0
1104,2.392768e-15,6.159574e-06,0.0395136,0.0
1105,3.424512e-15,6.200659e-06,0.04704094,0.0
1106,2.590336e-15,6.477497e-06,0.04794105,0.0
1107,3.600128e-15,6.312419e-06,0.03604241,0.0
1108,6.168512e-15,6.282458e-06,0.02491595,0.0
1109,4.105024e-15,6.688552e-06,0.02041448,0.0
1110,1.404928e-15,5.610812e-06,0.04607951,0.0
1111,2.897664e-15,5.547433e-06,0.02481437,0.0
1112,1.584934e-14,6.689873e-06,0.04064004,0.0
1113,5.37824e-15,6.689734e-06,0.01127899,0.0
1114,3.687936e-15,6.312361e-06,0.05681443,0.0
1115,9.54912e-15,6.316685e-06,0.0172589,0.0
1116,1.931776e-15,5.84138e-06,0.03473457,0.0
1117,3.644032e-15,6.161007e-06,0.04428643,0.0
1118,2.392768e-15,6.243592e-06,0.03259145,0.0
1119,3.007424e-15,6.344483e-06,0.07729695,0.0
1120,1.843968e-15,5.694572e-06,0.0573552,0.0
1121,1.86592e-15,6.242217e-06,0.05729769,0.0
1122,4.412352e-15,6.396008e-06,0.03966335,0.0
1123,3.380608e-15,6.208507e-06,0.0112615,0.0
1124,1.668352e-15,6.310746e-06,0.05977243,0.0
1125,2.217152e-15,5.689986e-06,0.03649422,0.0
1126,3.468416e-15,5.607563e-06,0.01056342,0.0
1127,2.722048e-15,6.800197e-06,0.04316866,0.0
1128,2.809856e-15,5.843483e-06,0.02761865,0.0
1129,6.892928e-15,6.159768e-06,0.03160953,0.0
1130,4.039168e-15,5.745084e-06,0.03847663,0.0
1131,1.185408e-15,5.898293e-06,0.06474383,0.0
1132,2.436672e-15,6.160688e-06,0.07527334,0.0
1133,3.40256e-15,5.134904e-06,0.03978674,0.0
1134,4.355277e-14,9.215554e-06,0.04423493,0.0
1135,4.324544e-15,5.849481e-06,0.05731275,0.0
1136,1.97568e-15,5.553633e-06,0.04968179,0.0
1137,1.163456e-15,6.122394e-06,0.06564997,0.0
1138,2.897664e-15,6.312795e-06,0.05126788,0.0
1139,5.905088e-15,7.076546e-06,0.0448168,0.0
1140,2.239104e-15,6.478391e-06,0.03904264,0.0
1141,1.822016e-15,5.360462e-06,0.07211301,0.0
1142,2.787904e-15,6.478154e-06,0.03494475,0.0
1143,1.514688e-15,5.839945e-06,0.05325727,0.0
1144,3.358656e-15,6.688064e-06,0.02591151,0.0
1145,3.446464e-15,6.688874e-06,0.0625,0.0
1146,6.69536e-15,5.613286e-06,0.03125,0.0
1147,1.822016e-15,5.848309e-06,0.0574701,0.0
1148,8.7808e-16,6.122396e-06,0.04313437,0.0
1149,2.678144e-15,6.798674e-06,0.06029491,0.0
1150,2.941568e-15,6.20585e-06,0.02759299,0.0
1151,1.53664e-15,5.609913e-06,0.04943388,0.0
1152,3.029376e-15,6.347445e-06,0.02759397,0.0
1153,5.37824e-15,6.690427e-06,0.03935532,0.0
1154,1.97568e-15,5.66596e-06,0.03882336,0.0
1155,1.97568e-15,6.239301e-06,0.04764528,0.0
1156,1.734208e-15,6.159269e-06,0.07555649,0.0
1157,2.019584e-15,6.47768e-06,0.04924918,0.0
1158,8.868608e-15,7.285003e-06,0.04293361,0.0
1159,6.892928e-15,6.386388e-06,0.03034171,0.0
1160,3.007424e-15,6.12241e-06,0.06523903,0.0
1161,3.578176e-15,6.15628e-06,0.03705086,0.0
1162,4.346496e-15,6.480685e-06,0.04136751,0.0
1163,8.385664e-15,6.974842e-06,0.06416665,0.0
1164,3.314752e-15,6.797772e-06,0.03267385,0.0
1165,8.956416e-15,6.475922e-06,0.04104635,0.0
1166,3.644032e-15,6.341939e-06,0.06632807,0.0
1167,1.519078e-14,6.72117e-06,0.05007589,0.0
1168,2.019584e-15,6.341134e-06,0.02751953,0.0
1169,1.053696e-15,6.193763e-06,0.05655706,0.0
1170,6.849024e-15,8.814892e-06,0.03874526,0.0
1171,2.392768e-15,6.311403e-06,0.0811508,0.0
1172,5.488e-15,6.122395e-06,0.02499495,0.0
1173,9.43936e-16,6.662277e-06,0.03314086,0.0
1174,4.631872e-15,6.199329e-06,0.04664157,0.0
1175,4.961152e-15,6.308967e-06,0.05879975,0.0
1176,7.46368e-15,6.801092e-06,0.03654463,0.0
1177,3.8416e-15,6.798416e-06,0.03940559,0.0
1178,1.931776e-15,6.344632e-06,0.0512395,0.0
1179,5.070912e-15,6.689969e-06,0.053702,0.0
1180,5.04896e-15,6.475403e-06,0.03206356,0.0
1181,1.690304e-15,5.671898e-06,0.04852338,0.0
1182,8.34176e-15,7.076546e-06,0.04474535,0.0
1183,1.025158e-14,6.314321e-06,0.03952508,0.0
1184,3.18304e-15,6.311564e-06,0.02787799,0.0
1185,3.358656e-15,5.617683e-06,0.06195532,0.0
1186,2.656192e-15,6.311572e-06,0.07106662,0.0
1187,4.544064e-15,6.312619e-06,0.032645,0.0
1188,1.119552e-15,5.263058e-06,0.04666796,0.0
1189,1.273216e-15,5.673833e-06,0.04176079,0.0
1190,1.339072e-15,6.192373e-06,0.08036043,0.0
1191,1.049306e-14,7.076546e-06,0.05430532,0.0
1192,6.91488e-15,6.802934e-06,0.02624644,0.0
1193,1.778112e-15,5.135217e-06,0.03810676,0.0
1194,3.424512e-15,6.719807e-06,0.04266253,0.0
1195,2.919616e-15,5.253816e-06,0.02223338,0.0
1196,4.71968e-15,5.900678e-06,0.02508948,0.0
1197,2.744e-15,5.541985e-06,0.02767923,0.0
1198,1.42688e-15,6.686868e-06,0.05508959,0.0
1199,8.45152e-15,6.343987e-06,0.05,0.0
1200,1.31712e-15,5.854862e-06,0.04606763,0.0
1201,7.814912e-15,7.800686e-06,0.02819365,0.0
1202,6.563648e-15,6.122392e-06,0.03415409,0.0
1203,1.229312e-15,5.547674e-06,0.03060626,0.0
1204,3.863552e-15,6.195649e-06,0.04921893,0.0
1205,3.314752e-15,5.851421e-06,0.04327049,0.0
1206,3.687936e-15,6.662278e-06,0.0512869,0.0
1207,3.665984e-15,5.691596e-06,0.07802076,0.0
1208,3.885504e-15,6.312721e-06,0.06908055,0.0
1209,2.397158e-14,9.030213e-06,0.04510744,0.0
1210,2.436672e-15,5.956106e-06,0.04746292,0.0
1211,4.17088e-15,5.849879e-06,0.06016165,0.0
1212,5.905088e-15,9.038988e-06,0.06078057,0.0
1213,1.602496e-15,6.310359e-06,0.05277225,0.0
1214,2.897664e-15,6.387557e-06,0.05780581,0.0
1215,2.392768e-15,5.608718e-06,0.06651585,0.0
1216,2.919616e-15,6.799007e-06,0.0595451,0.0
1217,1.229312e-15,5.889361e-06,0.06407998,0.0
1218,7.24416e-16,5.893984e-06,0.05651395,0.0
1219,3.204992e-15,6.79817e-06,0.079,0.0
1220,3.358656e-15,5.551232e-06,0.0411729,0.0
1221,1.558592e-15,6.080754e-06,0.06783745,0.0
1222,1.361024e-14,7.076546e-06,0.0497002,0.0
1223,2.08544e-15,6.662277e-06,0.0550939,0.0
1224,3.18304e-15,5.610413e-06,0.03377227,0.0
1225,2.985472e-15,5.892338e-06,0.05,0.0
1226,2.897664e-15,6.724405e-06,0.03278435,0.0
1227,7.705152e-15,6.486414e-06,0.02225576,0.0
1228,5.334336e-15,6.160693e-06,0.03450461,0.0
1229,1.53664e-15,6.157068e-06,0.07606855,0.0
1230,2.678144e-15,6.242364e-06,0.07624325,0.0
1231,2.568384e-15,6.662278e-06,0.03668244,0.0
1232,1.440051e-14,8.570534e-06,0.02358552,0.0
1233,4.544064e-15,6.197548e-06,0.03119473,0.0
1234,5.180672e-15,7.076546e-06,0.04118528,0.0
1235,1.185408e-15,6.383897e-06,0.05509372,0.0
1236,7.046592e-15,6.477559e-06,0.03915037,0.0
1237,5.992896e-15,6.159684e-06,0.021966,0.0
1238,6.69536e-15,6.158335e-06,0.03115644,0.0
1239,2.458624e-15,6.122415e-06,0.05054898,0.0
1240,2.700096e-15,5.676892e-06,0.02315524,0.0
1241,4.60992e-15,6.313162e-06,0.02030085,0.0
1242,1.887872e-15,5.257439e-06,0.04516506,0.0
1243,6.5856e-15,5.846657e-06,0.03125,0.0
1244,1.558592e-15,5.615388e-06,0.04002733,0.0
1245,8.758848e-15,8.325811e-06,0.03141294,0.0
1246,3.797696e-15,5.68723e-06,0.03862712,0.0
1247,1.492736e-15,5.692254e-06,0.04148887,0.0
1248,3.73184e-15,6.662281e-06,0.0336525,0.0
1249,3.270848e-15,6.158738e-06,0.03125,0.0
1250,6.651456e-15,7.076546e-06,0.04295308,0.0
1251,3.62208e-15,6.122403e-06,0.06651782,0.0
1252,3.51232e-15,5.614524e-06,0.01569545,0.0
1253,1.361024e-14,8.212197e-06,0.04237286,0.0
1254,2.436672e-15,6.311126e-06,0.04878164,0.0
1255,2.744e-15,8.348787e-06,0.02369818,0.0
1256,1.229312e-14,9.311031e-06,0.02998678,0.0
1257,2.283008e-15,6.158793e-06,0.03478561,0.0
1258,6.431936e-15,6.158426e-06,0.05186529,0.0
1259,2.875712e-15,6.345406e-06,0.07816992,0.0
1260,8.34176e-16,5.615036e-06,0.06270177,0.0
1261,4.741632e-15,6.122524e-06,0.015625,0.0
1262,3.117184e-15,5.893556e-06,0.01515848,0.0
1263,4.126976e-15,6.669997e-06,0.06211891,0.0
1264,2.30496e-15,6.208495e-06,0.06477167,0.0
1265,5.246528e-15,6.80235e-06,0.03521646,0.0
1266,7.968576e-15,6.800032e-06,0.05488137,0.0
1267,3.248896e-15,6.312214e-06,0.05051793,0.0
1268,8.210048e-15,8.841226e-06,0.05631701,0.0
1269,2.041536e-15,5.617301e-06,0.05067851,0.0
1270,5.839232e-15,5.550856e-06,0.03673504,0.0
1271,2.107392e-15,6.157365e-06,0.01515848,0.0
1272,6.5856e-15,7.076546e-06,0.04832377,0.0
1273,3.468416e-15,6.312714e-06,0.02935508,0.0
1274,1.229312e-15,5.689326e-06,0.05092009,0.0
1275,3.973312e-15,6.689484e-06,0.04892846,0.0
1276,2.283008e-15,5.541899e-06,0.03262479,0.0
1277,6.651456e-15,6.240631e-06,0.02339641,0.0
1278,5.04896e-15,5.951739e-06,0.04065898,0.0
1279,4.126976e-15,6.342129e-06,0.03821056,0.0
1280,3.18304e-15,6.158734e-06,0.04839191,0.0
1281,5.114816e-15,6.122409e-06,0.05774259,0.0
1282,2.261056e-15,6.345297e-06,0.05321166,0.0
1283,4.258688e-15,6.351631e-06,0.04019292,0.0
1284,6.36608e-15,6.341671e-06,0.01539971,0.0
1285,3.029376e-15,6.075672e-06,0.04419417,0.0
1286,3.358656e-15,5.606254e-06,0.05673753,0.0
1287,1.009792e-15,6.122417e-06,0.03094858,0.0
1288,4.807488e-15,6.47923e-06,0.04011102,0.0
1289,2.239104e-15,5.669098e-06,0.04508994,0.0
1290,1.040525e-14,6.690459e-06,0.03242922,0.0
1291,3.07328e-15,5.609697e-06,0.02755999,0.0
1292,5.400192e-15,6.310231e-06,0.03122206,0.0
1293,1.558592e-15,5.390366e-06,0.08646216,0.0
1294,3.40256e-15,5.611035e-06,0.03125,0.0
1295,1.843968e-15,5.609865e-06,0.02984564,0.0
1296,3.775744e-15,6.198758e-06,0.04974307,0.0
1297,2.151296e-15,5.896321e-06,0.04280016,0.0
1298,5.027008e-15,6.122459e-06,0.05228727,0.0
1299,4.478208e-15,6.478543e-06,0.04856211,0.0
1300,3.18304e-15,6.721382e-06,0.05660864,0.0
1301,1.492736e-15,6.476148e-06,0.04946098,0.0
1302,2.283008e-15,6.721918e-06,0.0587045,0.0
1303,7.397824e-15,6.800377e-06,0.01332772,0.0
1304,1.382976e-15,4.824087e-06,0.05665973,0.0
1305,3.73184e-15,6.80071e-06,0.04311137,0.0
1306,4.631872e-15,6.687187e-06,0.05442497,0.0
1307,5.444096e-15,6.477829e-06,0.05691312,0.0
1308,3.863552e-15,6.312313e-06,0.03460637,0.0
1309,4.017216e-15,6.797654e-06,0.04681173,0.0
1310,2.458624e-15,6.157065e-06,0.03462768,0.0
1311,1.97568e-15,5.242629e-06,0.05469137,0.0
1312,2.129344e-15,6.159544e-06,0.07298202,0.0
1313,7.79296e-15,6.687632e-06,0.04070956,0.0
1314,1.909824e-15,5.704583e-06,0.04050453,0.0
1315,2.30496e-15,6.208503e-06,0.07985374,0.0
1316,3.248896e-15,6.208497e-06,0.06379159,0.0
1317,2.480576e-15,6.310009e-06,0.03884418,0.0
1318,1.04272e-14,6.15699e-06,0.03128484,0.0
1319,3.775744e-15,6.312029e-06,0.03592485,0.0
1320,5.04896e-15,6.688662e-06,0.06533442,0.0
1321,1.75616e-15,6.311215e-06,0.06221333,0.0
1322,3.18304e-15,6.122432e-06,0.04992044,0.0
1323,1.931776e-15,6.307917e-06,0.06407934,0.0
1324,4.324544e-15,6.805976e-06,0.07276993,0.0
1325,1.53664e-15,6.122408e-06,0.05820246,0.0
1326,2.019584e-15,5.856252e-06,0.03264424,0.0
1327,3.380608e-15,6.721448e-06,0.02605543,0.0
1328,6.629504e-15,6.242572e-06,0.04372315,0.0
1329,2.063488e-15,5.890148e-06,0.03224733,0.0
1330,1.229312e-15,5.61206e-06,0.04610333,0.0
1331,3.600128e-15,6.158427e-06,0.02083333,0.0
1332,1.562982e-14,7.076546e-06,0.03423682,0.0
1333,4.785536e-15,6.312752e-06,0.04656491,0.0
1334,3.051328e-15,6.122425e-06,0.05517093,0.0
1335,1.580544e-15,6.122392e-06,0.06542381,0.0
1336,1.712256e-15,6.206386e-06,0.04602884,0.0
1337,3.51232e-15,6.344761e-06,0.03058586,0.0
1338,2.941568e-15,6.313203e-06,0.05291991,0.0
1339,1.400538e-14,9.274571e-06,0.04932951,0.0
1340,3.051328e-15,6.004828e-06,0.0125,0.0
1341,3.446464e-15,6.425632e-06,0.05761686,0.0
1342,6.168512e-15,6.420646e-06,0.06003201,0.0
1343,1.10199e-14,1.051509e-05,0.03752224,0.0
1344,1.396147e-14,8.320908e-06,0.04268013,0.0
1345,3.709888e-15,6.41557e-06,0.06078155,0.0
1346,1.20736e-15,6.001286e-06,0.07361955,0.0
1347,6.80512e-16,4.638353e-06,0.05759671,0.0
1348,1.712256e-15,6.033954e-06,0.03879799,0.0
1349,1.251264e-15,4.99014e-06,0.07920959,0.0
1350,5.04896e-16,5.551823e-06,0.06114696,0.0
1351,1.843968e-15,4.740385e-06,0.03125,0.0
1352,7.02464e-16,4.500644e-06,0.02556904,0.0
1353,8.34176e-16,4.15815e-06,0.03963782,0.0
1354,1.470784e-15,5.591511e-06,0.03125,0.0
1355,8.7808e-16,4.917006e-06,0.04735782,0.0
1356,2.019584e-15,4.651583e-06,0.0164688,0.0
1357,1.229312e-15,5.122783e-06,0.0625,0.0
1358,2.897664e-15,5.704026e-06,0.07579168,0.0
1359,1.229312e-15,4.652583e-06,0.03279952,0.0
1360,8.34176e-16,4.631912e-06,0.03315796,0.0
1361,1.931776e-15,6.061515e-06,0.0279946,0.0
1362,5.04896e-15,6.034149e-06,0.03122143,0.0
1363,2.063488e-15,5.461402e-06,0.02722972,0.0
1364,1.295168e-15,6.001286e-06,0.04928119,0.0
1365,2.502528e-15,4.650831e-06,0.02099228,0.0
1366,2.568384e-15,4.653155e-06,0.05,0.0
1367,1.404928e-15,4.855428e-06,0.04321498,0.0
1368,1.690304e-15,6.001286e-06,0.01994157,0.0
1369,9.8784e-16,4.651824e-06,0.0439832,0.0
1370,2.809856e-15,5.701502e-06,0.0328553,0.0
1371,5.751424e-15,6.152359e-06,0.02199097,0.0
1372,1.580544e-15,6.415555e-06,0.05757431,0.0
1373,1.822016e-15,6.001286e-06,0.04472971,0.0
1374,9.966208e-15,7.661637e-06,0.03074659,0.0
1375,1.75616e-15,6.032984e-06,0.05590881,0.0
1376,3.314752e-15,5.550777e-06,0.08330573,0.0
1377,1.624448e-15,5.741358e-06,0.03646338,0.0
1378,3.007424e-15,4.933311e-06,0.04112282,0.0
1379,6.849024e-15,7.259857e-06,0.04539376,0.0
1380,6.36608e-16,4.160099e-06,0.03942094,0.0
1381,1.887872e-15,5.4614e-06,0.06154943,0.0
1382,1.843968e-15,5.593131e-06,0.04303922,0.0
1383,3.029376e-15,6.001286e-06,0.02657053,0.0
1384,2.392768e-15,6.001286e-06,0.02476464,0.0
1385,1.075648e-15,5.55194e-06,0.05997471,0.0
1386,1.86592e-15,5.547825e-06,0.05297986,0.0
1387,5.70752e-16,4.166833e-06,0.04989494,0.0
1388,2.019584e-15,5.4614e-06,0.02209709,0.0
1389,6.36608e-16,4.160644e-06,0.06626268,0.0
1390,1.6464e-15,5.549787e-06,0.0229502,0.0
1391,9.00032e-16,5.704039e-06,0.05533387,0.0
1392,1.624448e-15,5.593586e-06,0.05224448,0.0
1393,3.446464e-15,5.4614e-06,0.01041667,0.0
1394,3.424512e-15,6.034133e-06,0.05271799,0.0
1395,2.326912e-15,6.001286e-06,0.04089916,0.0
1396,4.785536e-15,6.001286e-06,0.01468814,0.0
1397,2.436672e-15,6.001286e-06,0.03957289,0.0
1398,2.787904e-15,4.913119e-06,0.0625,0.0
1399,3.687936e-15,5.549693e-06,0.02237477,0.0
1400,2.52448e-15,6.001286e-06,0.03414216,0.0
1401,3.644032e-15,6.034464e-06,0.05514318,0.0
1402,9.21984e-16,4.652636e-06,0.02936738,0.0
1403,6.5856e-16,5.4614e-06,0.015625,0.0
1404,1.800064e-15,6.001286e-06,0.02795085,0.0
1405,4.06112e-15,6.415555e-06,0.04546679,0.0
1406,2.129344e-15,5.594167e-06,0.07784544,0.0
1407,2.678144e-15,5.506304e-06,0.04173763,0.0
1408,1.163456e-15,5.552116e-06,0.03057706,0.0
1409,2.436672e-15,4.857782e-06,0.02083333,0.0
1410,3.2928e-15,6.033836e-06,0.05,0.0
1411,1.185408e-15,6.061414e-06,0.04315497,0.0
1412,4.017216e-15,5.591163e-06,0.02570611,0.0
1413,7.331968e-15,8.320997e-06,0.0458797,0.0
1414,5.246528e-15,6.001286e-06,0.02899285,0.0
1415,1.009792e-15,5.740557e-06,0.07478214,0.0
1416,1.03833e-14,7.398736e-06,0.02733133,0.0
1417,1.0976e-15,5.551727e-06,0.03870702,0.0
1418,6.80512e-16,4.653142e-06,0.04774833,0.0
1419,1.734208e-15,4.753338e-06,0.04125221,0.0
1420,1.339072e-15,5.505975e-06,0.02083333,0.0
1421,3.40256e-15,6.15178e-06,0.0473586,0.0
1422,1.6464e-15,5.551859e-06,0.05468071,0.0
1423,4.961152e-15,5.505892e-06,0.04419417,0.0
1424,5.180672e-15,6.001286e-06,0.01785564,0.0
1425,1.119552e-15,4.496331e-06,0.02281276,0.0
1426,7.90272e-16,4.85564e-06,0.05034989,0.0
1427,6.14656e-16,4.844157e-06,0.06651735,0.0
1428,2.107392e-15,5.6643e-06,0.06019414,0.0
1429,3.248896e-15,6.680298e-06,0.07582268,0.0
1430,2.261056e-15,4.507045e-06,0.02795085,0.0
1431,1.382976e-15,5.461401e-06,0.04322602,0.0
1432,1.602496e-15,5.506603e-06,0.04059002,0.0
1433,3.226944e-15,6.064648e-06,0.02499482,0.0
1434,2.502528e-15,5.666096e-06,0.05428215,0.0
1435,2.261056e-15,5.665508e-06,0.03788921,0.0
1436,2.897664e-15,5.4614e-06,0.0625,0.0
1437,1.20736e-15,4.495879e-06,0.07008424,0.0
1438,1.843968e-15,4.490343e-06,0.01742787,0.0
1439,8.7808e-16,4.758177e-06,0.08330596,0.0
1440,1.0976e-15,5.461407e-06,0.06644836,0.0
1441,2.173248e-15,5.549992e-06,0.02699022,0.0
1442,1.31712e-15,4.499246e-06,0.03655212,0.0
1443,2.744e-15,6.153413e-06,0.08651585,0.0
1444,3.424512e-15,5.461513e-06,0.02334973,0.0
1445,9.43936e-16,4.497955e-06,0.04985235,0.0
1446,1.822016e-15,5.052409e-06,0.04139755,0.0
1447,1.229312e-15,5.665684e-06,0.04745471,0.0
1448,9.65888e-16,5.842327e-06,0.04400508,0.0
1449,9.43936e-16,4.653043e-06,0.03963977,0.0
1450,1.887872e-15,5.503816e-06,0.04077082,0.0
1451,3.029376e-15,6.0334e-06,0.04211568,0.0
1452,2.063488e-15,5.593848e-06,0.05241283,0.0
1453,3.424512e-15,6.001286e-06,0.06029553,0.0
1454,2.502528e-15,5.5518e-06,0.02845023,0.0
1455,2.239104e-15,7.076546e-06,0.0438702,0.0
1456,1.624448e-15,6.033604e-06,0.0520196,0.0
1457,1.295168e-15,5.4614e-06,0.03902149,0.0
1458,2.217152e-15,5.551711e-06,0.02345648,0.0
1459,6.80512e-16,5.59154e-06,0.03975316,0.0
1460,2.1952e-15,6.001287e-06,0.03667079,0.0
1461,5.04896e-16,4.653151e-06,0.04931627,0.0
1462,1.712256e-15,5.550485e-06,0.0625,0.0
1463,9.8784e-16,4.505181e-06,0.04393248,0.0
1464,6.36608e-16,4.755451e-06,0.0537598,0.0
1465,1.339072e-15,5.551041e-06,0.04985196,0.0
1466,1.014182e-14,6.034083e-06,0.04819792,0.0
1467,1.339072e-15,5.663718e-06,0.05433929,0.0
1468,7.02464e-16,4.856649e-06,0.06330257,0.0
1469,3.490368e-15,5.591005e-06,0.04184072,0.0
1470,2.480576e-15,6.001286e-06,0.04639219,0.0
1471,8.758848e-15,7.076546e-06,0.03090125,0.0
1472,2.85376e-15,4.854128e-06,0.02550134,0.0
1473,2.744e-15,5.665201e-06,0.04140795,0.0
1474,4.302592e-15,6.03291e-06,0.02083333,0.0
1475,3.578176e-15,6.063869e-06,0.05080255,0.0
1476,1.295168e-15,4.653052e-06,0.04764795,0.0
1477,1.53664e-15,5.740067e-06,0.0497765,0.0
1478,1.251264e-15,5.591563e-06,0.07370464,0.0
1479,2.239104e-15,6.152748e-06,0.05057368,0.0
1480,1.141504e-15,5.052266e-06,0.07727944,0.0
1481,4.961152e-15,6.001287e-06,0.04001582,0.0
1482,3.117184e-15,4.930063e-06,0.01173252,0.0
1483,2.392768e-15,5.663986e-06,0.04873037,0.0
1484,1.163456e-15,4.754539e-06,0.05892023,0.0
1485,8.56128e-16,4.159949e-06,0.04470695,0.0
1486,5.04896e-16,4.751291e-06,0.03274679,0.0
1487,1.273216e-15,4.652629e-06,0.05933591,0.0
1488,1.20736e-15,5.701593e-06,0.02452361,0.0
1489,7.46368e-15,6.689385e-06,0.05868973,0.0
1490,3.314752e-15,6.415555e-06,0.05,0.0
1491,2.897664e-15,5.597462e-06,0.015625,0.0
1492,3.8416e-15,5.591714e-06,0.0400847,0.0
1493,1.734208e-15,4.925143e-06,0.03211508,0.0
1494,7.24416e-16,4.653146e-06,0.02329916,0.0
1495,3.51232e-16,6.032951e-06,0.05172559,0.0
1496,6.453888e-15,6.033535e-06,0.0625,0.0
1497,1.273216e-15,5.664769e-06,0.01261439,0.0
1498,3.270848e-15,5.505886e-06,0.02465648,0.0
1499,7.639296e-15,8.704257e-06,0.04263088,0.0
1500,1.273216e-15,4.651224e-06,0.03561298,0.0
1501,1.602496e-15,4.929589e-06,0.05,0.0
1502,8.7808e-16,4.856807e-06,0.03105265,0.0
1503,1.887872e-15,5.591305e-06,0.03709728,0.0
1504,1.822016e-15,5.741069e-06,0.01291837,0.0
1505,2.700096e-15,5.551243e-06,0.03125,0.0
1506,6.80512e-16,4.856651e-06,0.0673861,0.0
1507,5.04896e-16,6.032382e-06,0.04816912,0.0
1508,6.870976e-15,6.689116e-06,0.02701834,0.0
1509,8.12224e-16,5.505479e-06,0.05619071,0.0
1510,1.119552e-15,4.843935e-06,0.05425542,0.0
1511,1.778112e-15,4.849206e-06,0.02832263,0.0
1512,3.534272e-15,6.151527e-06,0.0413126,0.0
1513,2.261056e-15,5.701756e-06,0.05222676,0.0
1514,1.031744e-15,4.857496e-06,0.03640358,0.0
1515,4.148928e-15,5.541732e-06,0.015625,0.0
1516,2.63424e-15,5.282827e-06,0.02795085,0.0
1517,1.53664e-15,4.160885e-06,0.015625,0.0
1518,6.5856e-16,6.001286e-06,0.06960504,0.0
1519,7.46368e-16,5.504796e-06,0.05392345,0.0
1520,4.324544e-15,6.415555e-06,0.04859573,0.0
1521,1.470784e-15,5.4614e-06,0.05443413,0.0
1522,2.30496e-15,5.739724e-06,0.04085322,0.0
1523,1.931776e-15,5.4614e-06,0.04412714,0.0
1524,1.734208e-15,4.91209e-06,0.01473139,0.0
1525,2.129344e-15,6.032605e-06,0.03662587,0.0
1526,1.339072e-15,5.55174e-06,0.04070453,0.0
1527,2.283008e-15,6.150819e-06,0.04832425,0.0
1528,1.031744e-15,4.855728e-06,0.03961959,0.0
1529,9.21984e-16,4.846928e-06,0.05249075,0.0
1530,6.80512e-16,5.461407e-06,0.02203222,0.0
1531,6.14656e-16,4.756277e-06,0.04781963,0.0
1532,1.887872e-15,5.703223e-06,0.04604936,0.0
1533,1.253459e-14,8.933343e-06,0.04281911,0.0
1534,4.3904e-16,4.653146e-06,0.0433666,0.0
1535,2.1952e-15,4.653152e-06,0.01250938,0.0
1536,6.80512e-16,5.552002e-06,0.04871435,0.0
1537,3.95136e-16,6.001286e-06,0.05559316,0.0
1538,9.8784e-16,5.55101e-06,0.03690913,0.0
1539,1.690304e-15,4.653151e-06,0.02693442,0.0
1540,9.8784e-16,5.4614e-06,0.05918589,0.0
1541,3.051328e-15,6.001286e-06,0.03393119,0.0
1542,1.778112e-15,6.001286e-06,0.03641221,0.0
1543,2.52448e-15,5.550754e-06,0.01397542,0.0
1544,1.361024e-15,4.855291e-06,0.05,0.0
1545,1.97568e-15,4.987612e-06,0.06426547,0.0
1546,5.202624e-15,6.001286e-06,0.05059452,0.0
1547,2.590336e-15,5.665455e-06,0.02561596,0.0
1548,5.26848e-16,4.653146e-06,0.02356673,0.0
1549,1.75616e-15,4.636114e-06,0.03427549,0.0
1550,1.448832e-15,4.162275e-06,0.01041667,0.0
1551,2.019584e-15,5.506339e-06,0.01230331,0.0
1552,4.06112e-15,6.001286e-06,0.03076922,0.0
1553,1.0976e-15,4.49602e-06,0.04923743,0.0
1554,5.37824e-15,6.033789e-06,0.03713743,0.0
1555,1.42688e-15,4.754611e-06,0.04971993,0.0
1556,1.009792e-15,5.551467e-06,0.05281098,0.0
1557,9.65888e-16,4.653039e-06,0.03687023,0.0
1558,1.514688e-15,4.65176e-06,0.04616241,0.0
1559,1.031744e-15,4.857276e-06,0.05369355,0.0
1560,1.734208e-15,5.461407e-06,0.07985181,0.0
1561,1.053696e-15,6.001287e-06,0.061208,0.0
1562,1.141504e-15,4.159391e-06,0.015625,0.0
1563,5.70752e-16,4.642151e-06,0.06497547,0.0
1564,2.480576e-15,5.550852e-06,0.01045038,0.0
1565,1.668352e-15,5.505822e-06,0.07707146,0.0
1566,1.295168e-15,5.225775e-06,0.05546595,0.0
1567,1.86592e-15,5.70336e-06,0.05682132,0.0
1568,1.843968e-15,6.033306e-06,0.05514505,0.0
1569,3.62208e-15,6.001286e-06,0.02870243,0.0
1570,1.448832e-15,5.461401e-06,0.03741365,0.0
1571,3.204992e-15,5.592749e-06,0.04563383,0.0
1572,9.527168e-15,9.219633e-06,0.03721753,0.0
1573,1.674938e-14,8.801286e-06,0.03382889,0.0
1574,1.86592e-15,6.032655e-06,0.04512492,0.0
1575,3.51232e-16,5.505124e-06,0.03662489,0.0
1576,2.107392e-15,4.856284e-06,0.02602859,0.0
1577,2.656192e-15,5.4614e-06,0.03114456,0.0
1578,9.746688e-15,8.801286e-06,0.04784787,0.0
1579,1.42688e-15,6.033043e-06,0.03803492,0.0
1580,1.734208e-15,6.001286e-06,0.0625,0.0
1581,1.602496e-15,4.652244e-06,0.04975304,0.0
1582,3.973312e-15,6.033073e-06,0.07403459,0.0
1583,5.92704e-15,6.001286e-06,0.02004468,0.0
1584,3.51232e-15,5.052899e-06,0.02212536,0.0
1585,3.18304e-15,6.00129e-06,0.02723122,0.0
1586,2.041536e-15,5.59603e-06,0.02946888,0.0
1587,1.580544e-15,6.036087e-06,0.04039719,0.0
1588,5.202624e-15,6.033806e-06,0.05,0.0
1589,2.63424e-15,6.001287e-06,0.03499923,0.0
1590,1.887872e-15,5.665538e-06,0.07208579,0.0
1591,3.358656e-15,4.749095e-06,0.01915677,0.0
1592,1.843968e-15,6.001286e-06,0.0606475,0.0
1593,2.568384e-15,5.590445e-06,0.03125,0.0
1594,2.30496e-15,5.4614e-06,0.0625,0.0
1595,2.722048e-15,6.03239e-06,0.0666119,0.0
1596,1.163456e-15,4.652584e-06,0.07528353,0.0
1597,2.019584e-15,4.647859e-06,0.01889004,0.0
1598,2.30496e-15,5.507269e-06,0.03640702,0.0
1599,2.941568e-15,4.752561e-06,0.05946976,0.0
1600,2.261056e-15,5.504797e-06,0.03670212,0.0
1601,1.141504e-15,4.843634e-06,0.01494078,0.0
1602,5.488e-16,4.652994e-06,0.04906146,0.0
1603,2.239104e-15,5.06283e-06,0.06113804,0.0
1604,2.480576e-15,4.856897e-06,0.03037404,0.0
1605,3.248896e-15,6.034229e-06,0.04126539,0.0
1606,1.997632e-15,5.552068e-06,0.03989755,0.0
1607,1.031744e-15,5.503761e-06,0.03590268,0.0
1608,1.712256e-15,5.504421e-06,0.01806427,0.0
1609,8.824704e-15,7.080964e-06,0.01397542,0.0
1610,9.00032e-16,5.506898e-06,0.05861423,0.0
1611,2.1952e-15,6.68957e-06,0.04563456,0.0
1612,2.348864e-15,6.001286e-06,0.04968292,0.0
1613,1.997632e-15,4.65315e-06,0.03467643,0.0
1614,2.1952e-15,5.551961e-06,0.03987116,0.0
1615,2.151296e-15,6.032734e-06,0.044073,0.0
1616,1.624448e-15,5.4614e-06,0.02671133,0.0
1617,1.295168e-15,4.857488e-06,0.03921124,0.0
1618,1.685914e-14,9.983088e-06,0.04777833,0.0
1619,4.324544e-15,6.798134e-06,0.04978758,0.0
1620,9.922304e-15,7.43829e-06,0.0544506,0.0
1621,1.361024e-15,5.119723e-06,0.04892147,0.0
1622,1.558592e-15,4.500859e-06,0.03872263,0.0
1623,2.370816e-15,4.85701e-06,0.04037101,0.0
1624,8.846656e-15,8.282788e-06,0.06931619,0.0
1625,1.514688e-15,4.491166e-06,0.01875,0.0
1626,2.809856e-15,6.149953e-06,0.05216086,0.0
1627,8.7808e-16,5.125024e-06,0.06212225,0.0
1628,1.448832e-15,4.652777e-06,0.01733438,0.0
1629,6.69536e-15,6.03381e-06,0.04672361,0.0
1630,2.041536e-15,5.551859e-06,0.05172,0.0
1631,7.02464e-16,5.543227e-06,0.06559504,0.0
1632,2.019584e-15,4.159866e-06,0.0625,0.0
1633,1.448832e-15,4.857455e-06,0.04603292,0.0
1634,1.0976e-15,5.551522e-06,0.02795085,0.0
1635,3.336704e-15,6.065685e-06,0.04769138,0.0
1636,1.185408e-15,4.651645e-06,0.0560972,0.0
1637,2.326912e-15,5.665395e-06,0.04540948,0.0
1638,3.226944e-15,5.592634e-06,0.03796833,0.0
1639,1.580544e-15,4.158032e-06,0.07870307,0.0
1640,1.163456e-15,4.652817e-06,0.02606037,0.0
1641,2.592531e-14,8.745885e-06,0.06725576,0.0
1642,6.519744e-15,6.001286e-06,0.01397542,0.0
1643,3.995264e-15,6.005095e-06,0.06064766,0.0
1644,1.931776e-15,5.549949e-06,0.0625,0.0
1645,1.31712e-15,5.50499e-06,0.03783851,0.0
1646,2.261056e-15,5.551724e-06,0.0430458,0.0
1647,9.00032e-16,4.505156e-06,0.04097188,0.0
1648,9.680832e-15,9.6477e-06,0.03415188,0.0
1649,1.049306e-14,8.564262e-06,0.02921891,0.0
1650,1.97568e-15,4.653147e-06,0.03744019,0.0
1651,2.041536e-15,5.548668e-06,0.08271313,0.0
1652,1.141504e-15,6.001289e-06,0.05638654,0.0
1653,1.075648e-15,5.551043e-06,0.07816547,0.0
1654,8.34176e-16,5.461402e-06,0.04755013,0.0
1655,4.82944e-16,4.499407e-06,0.02146187,0.0
1656,4.06112e-15,6.032647e-06,0.0282698,0.0
1657,1.909824e-15,4.757337e-06,0.05822594,0.0
1658,2.107392e-15,4.852121e-06,0.0625,0.0
1659,8.12224e-16,4.856747e-06,0.04337862,0.0
1660,3.446464e-15,5.550706e-06,0.01331943,0.0
1661,9.21984e-16,4.929882e-06,0.06000258,0.0
1662,1.141504e-15,4.630479e-06,0.03125,0.0
1663,5.070912e-15,6.001286e-06,0.0625,0.0
1664,2.700096e-15,4.652957e-06,0.02417583,0.0
1665,2.392768e-15,6.007739e-06,0.05108488,0.0
1666,1.229312e-15,5.504114e-06,0.04963652,0.0
1667,1.6464e-15,4.846044e-06,0.05907721,0.0
1668,1.556397e-14,9.026707e-06,0.02741806,0.0
1669,1.712256e-15,5.593762e-06,0.0744665,0.0
1670,1.009792e-15,4.637061e-06,0.03134868,0.0
1671,1.404928e-15,5.504122e-06,0.03059725,0.0
1672,1.492736e-15,4.75049e-06,0.02526608,0.0
1673,1.361024e-15,6.064327e-06,0.04664456,0.0
1674,1.470784e-15,4.845638e-06,0.05142673,0.0
1675,6.14656e-15,5.506753e-06,0.02091492,0.0
1676,3.709888e-15,6.00129e-06,0.04754409,0.0
1677,1.909824e-15,6.001286e-06,0.03210295,0.0
1678,1.448832e-15,5.506845e-06,0.03451409,0.0
1679,7.90272e-16,5.120618e-06,0.05448313,0.0
1680,8.34176e-16,5.504033e-06,0.06726716,0.0
1681,1.141504e-15,4.161801e-06,0.03360701,0.0
1682,1.295168e-15,6.001286e-06,0.04584936,0.0
1683,1.822016e-15,6.152465e-06,0.04518951,0.0
1684,1.163456e-15,4.158008e-06,0.03125,0.0
1685,2.239104e-15,6.150683e-06,0.04666014,0.0
1686,1.251264e-15,6.001286e-06,0.04135272,0.0
1687,1.361024e-15,4.650636e-06,0.02412125,0.0
1688,4.631872e-15,6.001286e-06,0.06795559,0.0
1689,2.326912e-15,5.59057e-06,0.05937547,0.0
1690,8.34176e-16,6.001286e-06,0.03214012,0.0
1691,1.887872e-15,5.589022e-06,0.01802595,0.0
1692,2.08544e-15,5.552009e-06,0.0625,0.0
1693,3.029376e-15,6.001286e-06,0.06590262,0.0
1694,5.948992e-15,6.001286e-06,0.05644263,0.0
1695,1.404928e-15,5.740649e-06,0.03543778,0.0
1696,6.124608e-15,6.799233e-06,0.04023252,0.0
1697,1.009792e-15,6.001286e-06,0.04945358,0.0
1698,2.1952e-15,5.063628e-06,0.0625,0.0
1699,4.566016e-15,6.001286e-06,0.02904415,0.0
1700,3.95136e-16,6.001286e-06,0.05211722,0.0
1701,3.029376e-15,6.032967e-06,0.04166667,0.0
1702,1.009792e-15,4.160108e-06,0.0179742,0.0
1703,1.843968e-15,5.50683e-06,0.07002025,0.0
1704,3.885504e-15,6.001306e-06,0.04343637,0.0
1705,1.822016e-15,4.85152e-06,0.05284605,0.0
1706,1.734208e-15,5.053736e-06,0.04636645,0.0
1707,1.404928e-15,5.461404e-06,0.04648535,0.0
1708,7.90272e-16,5.051952e-06,0.05070134,0.0
1709,1.251264e-15,4.933914e-06,0.03916961,0.0
1710,2.985472e-15,5.551593e-06,0.04815591,0.0
1711,1.009792e-15,4.493699e-06,0.02052539,0.0
1712,2.744e-15,7.087085e-06,0.0443827,0.0
1713,3.687936e-15,5.505591e-06,0.04080459,0.0
1714,2.787904e-15,6.0335e-06,0.03813002,0.0
1715,3.8416e-15,5.507394e-06,0.02592282,0.0
1716,5.488e-15,5.551914e-06,0.01556084,0.0
1717,2.919616e-15,4.755051e-06,0.01929339,0.0
1718,1.339072e-15,5.505974e-06,0.0499399,0.0
1719,1.251264e-15,5.551871e-06,0.05766498,0.0
1720,8.34176e-16,4.652463e-06,0.04511066,0.0
1721,1.53664e-15,4.75618e-06,0.045837,0.0
1722,5.136768e-15,7.078789e-06,0.03656016,0.0
1723,1.42688e-14,8.810008e-06,0.0401915,0.0
1724,3.051328e-15,4.165199e-06,0.01250396,0.0
1725,2.985472e-15,6.068949e-06,0.04982773,0.0
1726,2.85376e-15,5.549471e-06,0.05523282,0.0
1727,1.470784e-15,6.001286e-06,0.03709879,0.0
1728,1.97568e-16,4.158015e-06,0.04230863,0.0
1729,9.00032e-16,4.738019e-06,0.01400753,0.0
1730,2.151296e-15,6.001287e-06,0.03752348,0.0
1731,7.331968e-15,8.980504e-06,0.04781796,0.0
1732,1.470784e-15,4.857653e-06,0.07164201,0.0
1733,1.558592e-15,4.651371e-06,0.02229932,0.0
1734,2.568384e-15,5.461401e-06,0.07089176,0.0
1735,4.083072e-15,6.001288e-06,0.04983534,0.0
1736,2.326912e-15,6.061625e-06,0.06663421,0.0
1737,1.42688e-15,5.663944e-06,0.05257808,0.0
1738,1.53664e-15,4.855727e-06,0.03844512,0.0
1739,2.700096e-15,5.507079e-06,0.03245033,0.0
1740,1.295168e-15,4.652441e-06,0.05,0.0
1741,2.30496e-15,5.591131e-06,0.05,0.0
1742,3.07328e-16,5.550758e-06,0.07019615,0.0
1743,2.700096e-15,6.032145e-06,0.07239859,0.0
1744,4.039168e-15,5.461442e-06,0.03167031,0.0
1745,8.934464e-15,6.720249e-06,0.04597573,0.0
1746,3.490368e-15,5.182365e-06,0.07813072,0.0
1747,1.690304e-15,4.987256e-06,0.04597403,0.0
1748,3.644032e-15,5.504127e-06,0.06632818,0.0
1749,2.612288e-15,6.001286e-06,0.03468697,0.0
1750,1.361024e-15,5.590906e-06,0.02836767,0.0
1751,2.436672e-15,5.506519e-06,0.06053005,0.0
1752,1.492736e-15,6.001286e-06,0.04912104,0.0
1753,2.85376e-15,5.741189e-06,0.04328538,0.0
1754,9.21984e-16,4.653058e-06,0.04905292,0.0
1755,1.295168e-15,4.755534e-06,0.01976424,0.0
1756,1.909824e-15,4.856286e-06,0.02648128,0.0
1757,7.46368e-16,4.853676e-06,0.06311121,0.0
1758,3.468416e-15,6.001286e-06,0.0494146,0.0
1759,1.602496e-15,5.702649e-06,0.02923929,0.0
1760,1.229312e-15,4.932308e-06,0.03944616,0.0
1761,8.12224e-16,4.158013e-06,0.05787593,0.0
1762,2.08544e-15,5.056091e-06,0.01733438,0.0
1763,1.690304e-15,4.652066e-06,0.03125,0.0
1764,1.163456e-15,5.461403e-06,0.06451605,0.0
1765,1.580544e-15,4.494986e-06,0.0625,0.0
1766,2.458624e-15,4.858112e-06,0.01976424,0.0
1767,2.08105e-14,6.808151e-06,0.05,0.0
1768,1.86592e-15,5.634359e-06,0.06014359,0.0
1769,7.46368e-16,4.160833e-06,0.02942812,0.0
1770,2.151296e-15,4.759556e-06,0.0625,0.0
1771,1.404928e-15,5.50572e-06,0.04367304,0.0
1772,1.734208e-15,4.748586e-06,0.03482353,0.0
1773,2.08544e-15,5.461438e-06,0.04482285,0.0
1774,1.339072e-15,5.4614e-06,0.03814353,0.0
1775,3.380608e-15,6.00129e-06,0.03555935,0.0
1776,2.30496e-15,4.915893e-06,0.02225576,0.0
1777,8.473472e-15,8.801286e-06,0.03527059,0.0
1778,3.248896e-15,5.179589e-06,0.04548719,0.0
1779,2.041536e-15,5.666111e-06,0.03125,0.0
1780,1.141504e-15,5.547592e-06,0.0334134,0.0
1781,7.90272e-16,4.914594e-06,0.0658176,0.0
1782,1.822016e-15,6.415555e-06,0.03836023,0.0
1783,3.973312e-15,6.009318e-06,0.03947788,0.0
1784,2.787904e-15,6.001287e-06,0.0295085,0.0
1785,1.690304e-15,5.4614e-06,0.02795085,0.0
1786,1.690304e-15,4.651623e-06,0.03125,0.0
1787,1.141504e-15,4.160824e-06,0.04491402,0.0
1788,3.797696e-15,5.507451e-06,0.02795085,0.0
1789,9.21984e-16,6.001287e-06,0.04525534,0.0
1790,2.612288e-15,5.503742e-06,0.02900443,0.0
1791,6.849024e-15,6.312149e-06,0.05688085,0.0
1792,3.2928e-16,6.033622e-06,0.08355581,0.0
1793,4.851392e-15,5.058192e-06,0.01041667,0.0
1794,3.973312e-15,6.15018e-06,0.04323128,0.0
1795,2.41472e-15,4.857675e-06,0.02980816,0.0
1796,6.80512e-16,6.001286e-06,0.06989253,0.0
1797,1.42688e-15,6.001286e-06,0.05141912,0.0
1798,1.6464e-15,4.65112e-06,0.03227402,0.0
1799,9.505216e-15,8.586476e-06,0.03071303,0.0
1800,1.163456e-15,6.001304e-06,0.05582058,0.0
1801,4.675776e-15,7.066599e-06,0.03132765,0.0
1802,3.336704e-15,6.415555e-06,0.04143389,0.0
1803,1.75616e-15,5.549879e-06,0.04743246,0.0
1804,2.744e-15,5.664377e-06,0.04049909,0.0
1805,2.261056e-15,5.58976e-06,0.01676239,0.0
1806,3.2928e-15,6.415555e-06,0.03006041,0.0
1807,8.12224e-16,5.504768e-06,0.0736394,0.0
1808,1.205165e-14,6.415555e-06,0.04096062,0.0
1809,6.14656e-16,5.281561e-06,0.07167955,0.0
1810,1.229312e-15,5.707665e-06,0.06655626,0.0
1811,6.5856e-16,4.757861e-06,0.0578794,0.0
1812,1.295168e-15,4.985775e-06,0.02898256,0.0
1813,3.358656e-15,6.001286e-06,0.05380207,0.0
1814,3.161088e-15,6.419983e-06,0.04515291,0.0
1815,1.339072e-15,4.933073e-06,0.05162295,0.0
1816,2.96352e-15,5.505905e-06,0.03317623,0.0
1817,2.96352e-15,4.75649e-06,0.05,0.0
1818,3.161088e-15,5.665271e-06,0.04676091,0.0
1819,1.229312e-15,4.753836e-06,0.07596065,0.0
1820,2.107392e-15,4.931257e-06,0.04656168,0.0
1821,4.214784e-15,6.033055e-06,0.02686667,0.0
1822,8.34176e-16,5.66427e-06,0.06086409,0.0
1823,3.534272e-15,6.00129e-06,0.03400572,0.0
1824,2.63424e-16,5.666206e-06,0.07704668,0.0
1825,3.468416e-15,5.663985e-06,0.06494052,0.0
1826,1.075648e-14,6.90529e-06,0.05680032,0.0
1827,6.80512e-16,4.493891e-06,0.05495496,0.0
1828,2.261056e-15,5.461439e-06,0.04782168,0.0
1829,1.734208e-15,4.652799e-06,0.03705457,0.0
1830,2.370816e-15,5.461475e-06,0.0625,0.0
1831,6.168512e-15,7.285093e-06,0.06561084,0.0
1832,1.031744e-15,6.001286e-06,0.08375005,0.0
1833,1.404928e-15,4.857122e-06,0.03345569,0.0
1834,8.7808e-16,4.636164e-06,0.05646381,0.0
1835,4.039168e-15,6.239457e-06,0.03755349,0.0
1836,4.346496e-15,6.001288e-06,0.03070333,0.0
1837,2.809856e-15,5.505239e-06,0.04572404,0.0
1838,1.0976e-15,4.631765e-06,0.05852141,0.0
1839,1.778112e-15,5.461401e-06,0.03830169,0.0
1840,2.30496e-15,5.176498e-06,0.03347137,0.0
1841,3.161088e-15,5.461401e-06,0.07740971,0.0
1842,2.239104e-15,6.001287e-06,0.04274566,0.0
1843,2.458624e-15,5.746934e-06,0.03926508,0.0
1844,1.119552e-15,4.757958e-06,0.03221499,0.0
1845,5.59776e-15,6.69297e-06,0.04698587,0.0
1846,6.014848e-15,8.810185e-06,0.06286836,0.0
1847,5.400192e-15,6.803547e-06,0.03056261,0.0
1848,1.04272e-14,6.899966e-06,0.02647676,0.0
1849,7.112448e-15,6.798118e-06,0.03125,0.0
1850,1.058086e-14,8.841878e-06,0.02231386,0.0
1851,2.261056e-15,5.322763e-06,0.05,0.0
1852,1.339072e-15,4.711143e-06,0.03495516,0.0
1853,1.404928e-15,3.40849e-06,0.01515848,0.0
1854,4.126976e-15,5.251028e-06,0.03494444,0.0
1855,1.42688e-15,3.918405e-06,0.01651558,0.0
1856,1.229312e-15,4.134089e-06,0.04792719,0.0
1857,8.56128e-16,4.711172e-06,0.05618359,0.0
1858,1.953728e-15,4.711143e-06,0.02028471,0.0
1859,1.734208e-15,3.928929e-06,0.07271664,0.0
1860,2.96352e-15,4.809111e-06,0.01785714,0.0
1861,7.90272e-16,4.711144e-06,0.05235853,0.0
1862,9.65888e-16,3.411973e-06,0.02516444,0.0
1863,1.229312e-15,4.711142e-06,0.05,0.0
1864,5.70752e-16,4.133587e-06,0.04742324,0.0
1865,1.53664e-15,4.809255e-06,0.02795085,0.0
1866,9.00032e-16,4.711142e-06,0.03469244,0.0
1867,7.24416e-16,3.921963e-06,0.02688626,0.0
1868,4.60992e-16,3.917543e-06,0.04602674,0.0
1869,7.02464e-16,4.711143e-06,0.03739956,0.0
1870,3.578176e-15,5.251112e-06,0.03569087,0.0
1871,8.56128e-16,4.128884e-06,0.03614561,0.0
1872,1.163456e-15,4.127337e-06,0.01232509,0.0
1873,9.8784e-16,4.807672e-06,0.0476533,0.0
1874,3.95136e-15,4.131084e-06,0.05,0.0
1875,1.031744e-15,4.711149e-06,0.0564667,0.0
1876,2.678144e-15,5.326152e-06,0.03125,0.0
1877,3.161088e-15,6.064669e-06,0.05603669,0.0
1878,1.31712e-15,4.81128e-06,0.0459986,0.0
1879,4.71968e-15,7.870024e-06,0.0473871,0.0
1880,7.02464e-16,3.409948e-06,0.01192183,0.0
1881,1.6464e-15,4.711286e-06,0.03343691,0.0
1882,7.6832e-16,5.322736e-06,0.03901874,0.0
1883,1.20736e-15,4.809896e-06,0.07760358,0.0
1884,1.75616e-15,4.138803e-06,0.015625,0.0
1885,7.24416e-16,5.251033e-06,0.05602726,0.0
1886,1.163456e-15,4.808849e-06,0.03125,0.0
1887,1.031744e-15,4.808188e-06,0.04062679,0.0
1888,1.053696e-15,3.408797e-06,0.02294677,0.0
1889,1.295168e-15,3.913784e-06,0.02083333,0.0
1890,7.46368e-16,5.251074e-06,0.05914893,0.0
1891,2.261056e-15,3.408181e-06,0.04419417,0.0
1892,1.42688e-15,6.033024e-06,0.04947551,0.0
1893,1.470784e-15,4.807566e-06,0.05683523,0.0
1894,4.60992e-16,4.291173e-06,0.07173624,0.0
1895,8.12224e-16,4.711142e-06,0.05278687,0.0
1896,1.185408e-15,4.135233e-06,0.03657854,0.0
1897,9.43936e-16,4.711143e-06,0.04329624,0.0
1898,9.351552e-15,7.078717e-06,0.04850852,0.0
1899,1.119552e-15,5.251028e-06,0.03236534,0.0
1900,8.34176e-16,4.711153e-06,0.07336885,0.0
1901,6.102656e-15,6.032598e-06,0.03057695,0.0
1902,1.227117e-14,9.255662e-06,0.05739472,0.0
1903,3.248896e-15,4.711142e-06,0.02168772,0.0
1904,1.53664e-15,4.711143e-06,0.04716667,0.0
1905,5.70752e-16,4.129319e-06,0.03378682,0.0
1906,1.887872e-15,5.259091e-06,0.03529497,0.0
1907,1.31712e-15,4.135749e-06,0.01222781,0.0
1908,7.46368e-16,4.127207e-06,0.04103332,0.0
1909,1.734208e-14,9.215554e-06,0.0342107,0.0
1910,1.492736e-15,4.812573e-06,0.03698206,0.0
1911,9.65888e-16,3.915366e-06,0.03125,0.0
1912,1.163456e-15,4.711153e-06,0.07760182,0.0
1913,1.492736e-15,3.916976e-06,0.0125,0.0
1914,4.324544e-15,6.424911e-06,0.08663986,0.0
1915,3.578176e-15,5.251028e-06,0.02894589,0.0
1916,9.8784e-16,4.711148e-06,0.0575172,0.0
1917,5.04896e-16,4.292913e-06,0.04897188,0.0
1918,1.75616e-15,4.711171e-06,0.05289729,0.0
1919,6.388032e-15,6.662277e-06,0.03296726,0.0
1920,1.009792e-15,4.139778e-06,0.05779592,0.0
1921,7.661248e-15,7.078156e-06,0.04337506,0.0
1922,6.14656e-16,4.711142e-06,0.05868033,0.0
1923,5.488e-16,4.808954e-06,0.0790607,0.0
1924,9.00032e-16,4.711142e-06,0.03772903,0.0
1925,6.5856e-17,4.129257e-06,0.06308279,0.0
1926,8.868608e-15,6.899554e-06,0.04960459,0.0
1927,2.151296e-15,5.329986e-06,0.04548719,0.0
1928,1.448832e-15,4.808515e-06,0.07069859,0.0
1929,5.04896e-16,3.919277e-06,0.03300692,0.0
1930,6.717312e-15,6.662324e-06,0.04180472,0.0
1931,2.326912e-15,4.810535e-06,0.03787345,0.0
1932,9.8784e-16,5.320752e-06,0.05049477,0.0
1933,1.514688e-15,5.251028e-06,0.05832012,0.0
1934,1.119552e-15,4.137496e-06,0.04847288,0.0
1935,2.458624e-15,4.139158e-06,0.03318091,0.0
1936,4.60992e-16,4.808524e-06,0.05772548,0.0
1937,1.492736e-15,4.136978e-06,0.04419417,0.0
1938,9.65888e-16,4.711142e-06,0.02069913,0.0
1939,9.373504e-15,7.079893e-06,0.02669532,0.0
1940,9.65888e-16,4.898003e-06,0.04061357,0.0
1941,1.339072e-15,4.809888e-06,0.03304494,0.0
1942,9.00032e-16,3.409859e-06,0.01406331,0.0
1943,1.031744e-15,4.908071e-06,0.04571326,0.0
1944,7.90272e-16,4.897253e-06,0.01256608,0.0
1945,2.590336e-15,4.711143e-06,0.06221988,0.0
1946,1.361024e-15,4.809229e-06,0.03125,0.0
1947,8.34176e-16,3.411756e-06,0.03365519,0.0
1948,8.7808e-16,3.91756e-06,0.03125,0.0
1949,1.009792e-15,4.808196e-06,0.04959031,0.0
1950,2.239104e-15,5.322675e-06,0.025,0.0
1951,1.339072e-15,3.919184e-06,0.03125,0.0
1952,3.73184e-16,3.916479e-06,0.0606679,0.0
1953,7.02464e-16,4.130275e-06,0.06044207,0.0
1954,3.797696e-15,6.404756e-06,0.05737996,0.0
1955,4.60992e-16,5.251028e-06,0.07958954,0.0
1956,9.00032e-16,3.917949e-06,0.01976424,0.0
1957,1.558592e-15,5.324219e-06,0.05285976,0.0
1958,1.931776e-15,4.711142e-06,0.079,0.0
1959,7.90272e-16,3.928036e-06,0.02684183,0.0
1960,1.668352e-15,4.711143e-06,0.01465411,0.0
1961,2.217152e-15,4.810974e-06,0.03409102,0.0
1962,2.019584e-15,4.808712e-06,0.02421412,0.0
1963,1.031744e-15,5.251028e-06,0.0326713,0.0
1964,1.185408e-15,3.410963e-06,0.04419417,0.0
1965,6.278272e-15,5.4614e-06,0.01474102,0.0
1966,5.488e-16,3.407848e-06,0.06308676,0.0
1967,2.63424e-16,3.407944e-06,0.02885647,0.0
1968,7.200256e-15,6.719904e-06,0.05080456,0.0
1969,2.85376e-16,4.131818e-06,0.03570831,0.0
1970,1.97568e-15,4.711142e-06,0.02795085,0.0
1971,1.382976e-15,4.134575e-06,0.05,0.0
1972,1.382976e-15,4.806216e-06,0.05,0.0
1973,5.488e-16,4.807248e-06,0.05952278,0.0
1974,5.92704e-16,4.711143e-06,0.06437492,0.0
1975,4.763584e-15,6.689115e-06,0.03673356,0.0
1976,9.65888e-16,4.134389e-06,0.0625,0.0
1977,7.46368e-16,4.807152e-06,0.0776032,0.0
1978,5.26848e-16,4.807762e-06,0.05141832,0.0
1979,6.36608e-16,3.408257e-06,0.02179305,0.0
1980,1.053696e-15,4.14419e-06,0.0223978,0.0
1981,8.100288e-15,6.801812e-06,0.04252306,0.0
1982,8.12224e-16,4.711144e-06,0.04298517,0.0
1983,1.558592e-15,3.408846e-06,0.01515848,0.0
1984,1.031744e-15,4.711158e-06,0.05256123,0.0
1985,8.34176e-16,3.92245e-06,0.02588835,0.0
1986,1.668352e-15,4.809982e-06,0.03997648,0.0
1987,9.43936e-16,3.408005e-06,0.02953858,0.0
1988,9.43936e-16,3.915547e-06,0.019765,0.0
1989,6.14656e-16,4.711149e-06,0.06593795,0.0
1990,1.119552e-15,3.407978e-06,0.02209709,0.0
1991,1.075648e-15,4.711142e-06,0.02768213,0.0
1992,1.20736e-15,3.411558e-06,0.01753204,0.0
1993,1.141504e-15,3.91666e-06,0.01041821,0.0
1994,5.400192e-15,6.986843e-06,0.03415338,0.0
1995,1.800064e-15,6.415555e-06,0.06670816,0.0
1996,7.46368e-16,3.409336e-06,0.03227932,0.0
1997,1.20736e-15,4.711151e-06,0.0625,0.0
1998,1.931776e-15,4.291534e-06,0.02795085,0.0
1999,4.60992e-16,4.807874e-06,0.06606721,0.0
2000,8.12224e-16,4.288707e-06,0.02917056,0.0
2001,1.163456e-15,3.408023e-06,0.01400058,0.0
2002,9.00032e-16,4.127292e-06,0.01792781,0.0
2003,4.17088e-16,4.131222e-06,0.07270567,0.0
2004,7.24416e-16,3.408009e-06,0.01277107,0.0
2005,3.2928e-15,4.8078e-06,0.03003163,0.0
2006,2.809856e-15,6.799399e-06,0.05547793,0.0
2007,4.82944e-16,4.810407e-06,0.07120976,0.0
2008,9.21984e-16,4.711143e-06,0.07009632,0.0
2009,1.163456e-15,3.408106e-06,0.0125,0.0
2010,4.675776e-15,7.054271e-06,0.03346932,0.0
2011,5.04896e-16,4.129167e-06,0.0460394,0.0
2012,6.36608e-16,4.129084e-06,0.03125,0.0
2013,1.580544e-15,4.806747e-06,0.06849923,0.0
2014,1.053696e-15,4.291836e-06,0.04404526,0.0
2015,9.65888e-16,4.810987e-06,0.07738416,0.0
2016,1.119552e-15,4.711304e-06,0.04951554,0.0
2017,1.009792e-15,3.407845e-06,0.05,0.0
2018,3.95136e-16,4.129884e-06,0.06409635,0.0
2019,1.185408e-15,3.916857e-06,0.03699097,0.0
2020,8.56128e-16,4.126871e-06,0.03213951,0.0
2021,1.031744e-15,3.408978e-06,0.02551552,0.0
2022,1.163456e-15,5.251028e-06,0.02195319,0.0
2023,3.204992e-15,6.001286e-06,0.02343919,0.0
2024,8.34176e-16,3.407863e-06,0.01160596,0.0
2025,1.339072e-15,4.904434e-06,0.05145883,0.0
2026,1.273216e-15,3.408155e-06,0.0585494,0.0
2027,6.80512e-16,4.807082e-06,0.07271631,0.0
2028,2.546432e-15,5.6705e-06,0.08128674,0.0
2029,8.7808e-16,4.711143e-06,0.03671086,0.0
2030,4.60992e-16,4.806912e-06,0.05849484,0.0
2031,2.85376e-16,3.919502e-06,0.05139743,0.0
2032,4.82944e-16,3.415296e-06,0.06000958,0.0
2033,7.90272e-16,4.293352e-06,0.02795085,0.0
2034,5.26848e-16,4.134083e-06,0.04541518,0.0
2035,1.295168e-15,4.711154e-06,0.05,0.0
2036,9.8784e-16,4.808801e-06,0.04073119,0.0
2037,9.8784e-16,3.917371e-06,0.03125,0.0
2038,2.502528e-15,5.251028e-06,0.05,0.0
2039,6.5856e-16,3.420035e-06,0.04523041,0.0
2040,3.40256e-15,6.159414e-06,0.03479404,0.0
2041,4.17088e-16,5.251028e-06,0.07676579,0.0
2042,1.931776e-15,4.811893e-06,0.02405802,0.0
2043,8.12224e-16,3.917252e-06,0.04671242,0.0
2044,1.470784e-15,4.81094e-06,0.02642992,0.0
2045,7.02464e-16,4.291384e-06,0.04889475,0.0
2046,1.0976e-15,3.916622e-06,0.01976424,0.0
2047,8.12224e-16,4.711142e-06,0.03326929,0.0
2048,1.0976e-15,4.711142e-06,0.0625,0.0
2049,1.141504e-15,3.408434e-06,0.01974113,0.0
2050,9.43936e-16,4.140922e-06,0.06395688,0.0
2051,1.20736e-15,3.920462e-06,0.03661165,0.0
2052,6.080704e-15,6.001286e-06,0.0631038,0.0
2053,6.5856e-15,6.722685e-06,0.03956744,0.0
2054,1.909824e-15,4.81191e-06,0.04159039,0.0
2055,1.361024e-15,4.806667e-06,0.015625,0.0
2056,1.229312e-15,3.916935e-06,0.04794105,0.0
2057,4.631872e-15,6.033374e-06,0.03114418,0.0
2058,1.6464e-15,3.934507e-06,0.06776388,0.0
2059,5.04896e-16,4.899292e-06,0.05007408,0.0
2060,9.00032e-16,3.412821e-06,0.02694594,0.0
2061,1.119552e-15,4.305322e-06,0.02773411,0.0
2062,3.380608e-15,6.420465e-06,0.0351064,0.0
2063,1.404928e-15,4.711146e-06,0.05028752,0.0
2064,5.04896e-16,3.92498e-06,0.06238829,0.0
2065,1.97568e-15,4.71115e-06,0.02986743,0.0
2066,8.56128e-16,3.923691e-06,0.08230964,0.0
2067,4.3904e-16,3.40818e-06,0.04060004,0.0
2068,9.43936e-16,4.14415e-06,0.0625,0.0
2069,1.668352e-15,4.13162e-06,0.03802016,0.0
2070,9.21984e-16,4.711142e-06,0.06940942,0.0
2071,8.253952e-15,6.69157e-06,0.07168534,0.0
2072,6.80512e-16,3.408776e-06,0.05104251,0.0
2073,3.907456e-15,6.062859e-06,0.03129306,0.0
2074,5.04896e-16,3.92286e-06,0.0864638,0.0
2075,3.07328e-16,4.807609e-06,0.0557784,0.0
2076,4.873344e-15,6.319596e-06,0.01767554,0.0
2077,9.65888e-16,3.408396e-06,0.04681415,0.0
2078,5.488e-16,4.13517e-06,0.03701349,0.0
2079,3.600128e-15,4.711143e-06,0.02403881,0.0
2080,1.843968e-15,3.925355e-06,0.05821698,0.0
2081,1.558592e-15,4.897635e-06,0.05009754,0.0
2082,5.70752e-16,4.806479e-06,0.05141829,0.0
2083,1.134918e-14,8.728064e-06,0.03125,0.0
2084,3.644032e-15,4.900997e-06,0.02795085,0.0
2085,1.448832e-15,4.711145e-06,0.05799546,0.0
2086,2.392768e-15,4.711149e-06,0.01976424,0.0
2087,1.20736e-15,3.41236e-06,0.01990115,0.0
2088,1.382976e-15,4.806299e-06,0.04491871,0.0
2089,1.843968e-15,4.137641e-06,0.03128018,0.0
2090,1.163456e-15,4.808408e-06,0.07264709,0.0
2091,1.492736e-15,3.918049e-06,0.02083333,0.0
2092,1.580544e-15,4.711143e-06,0.03580339,0.0
2093,1.075648e-15,4.711145e-06,0.05964245,0.0
2094,2.019584e-15,4.808381e-06,0.06299632,0.0
2095,8.12224e-16,3.408343e-06,0.02938705,0.0
2096,1.119552e-15,5.251031e-06,0.05431468,0.0
2097,3.051328e-15,8.810742e-06,0.02900298,0.0
2098,1.20736e-15,4.143186e-06,0.02999233,0.0
2099,7.6832e-16,4.711163e-06,0.0625,0.0
2100,1.800064e-15,8.333414e-06,0.0500103,0.0
2101,1.229312e-15,4.711142e-06,0.01071866,0.0
2102,2.85376e-16,3.407861e-06,0.02706799,0.0
2103,5.641664e-15,6.034153e-06,0.03194746,0.0
2104,1.6464e-15,3.9168e-06,0.02858944,0.0
2105,4.60992e-16,3.409637e-06,0.03409881,0.0
2106,6.5856e-16,4.810942e-06,0.08333206,0.0
2107,1.0976e-15,4.135005e-06,0.04762686,0.0
2108,1.492736e-15,3.407829e-06,0.02209709,0.0
2109,5.70752e-16,4.292909e-06,0.06687323,0.0
2110,5.092864e-15,6.415555e-06,0.02899598,0.0
2111,1.119552e-15,4.711144e-06,0.0739431,0.0
2112,4.28064e-15,6.001286e-06,0.05040883,0.0
2113,2.370816e-15,3.408375e-06,0.02083333,0.0
2114,1.339072e-15,4.158004e-06,0.01615282,0.0
2115,1.97568e-15,4.808729e-06,0.06466683,0.0
2116,1.86592e-15,5.667527e-06,0.05278855,0.0
2117,1.668352e-15,5.739362e-06,0.05820209,0.0
2118,2.941568e-15,6.415555e-06,0.03666279,0.0
2119,6.14656e-16,3.408024e-06,0.02995218,0.0
2120,1.053696e-15,4.812843e-06,0.05476681,0.0
2121,9.00032e-16,4.711156e-06,0.05550279,0.0
2122,8.7808e-17,3.917676e-06,0.02967384,0.0
2123,1.53664e-15,4.810202e-06,0.01733438,0.0
2124,1.20736e-15,3.407975e-06,0.01733683,0.0
